material,P_W,v_mm_per_s,melt_width_um,melt_depth_um,LED_J_per_mm,norm_width,norm_depth,h_mm,t_mm,VED_J_per_mm3
316L,100.0,400.0,119.7142857,129.2857143,0.25,0.36572517886928946,0.10545327430668841,0.11,0.04,56.81818181818182
316L,100.0,500.0,109.7142857,98.85714286,0.2,0.33517534292190854,0.0806338848776509,0.11,0.04,45.45454545454545
316L,100.0,600.0,100.2857143,75.14285714,0.16666666666666666,0.3063712119730917,0.06129107433931485,0.11,0.04,37.878787878787875
316L,100.0,700.0,79.0,49.14285714,0.14285714285714285,0.2413437039843096,0.040083896525285476,0.11,0.04,32.467532467532465
316L,100.0,800.0,80.14285714,47.57142857,0.125,0.2448351137981389,0.03880214402120718,0.11,0.04,28.40909090909091
316L,100.0,900.0,75.71428571,46.0,0.1111111111111111,0.23130590073136306,0.037520391517128875,0.11,0.04,25.252525252525253
316L,100.0,1000.0,72.71428571,46.14285714,0.1,0.22214094994714878,0.03763691446982055,0.11,0.04,22.727272727272727
316L,100.0,1100.0,61.0,28.85714286,0.09090909090909091,0.18635399927902388,0.02353763691680261,0.11,0.04,20.66115702479339
316L,200.0,400.0,144.2857143,305.7142857,0.5,0.4407904901415679,0.24935912373572594,0.11,0.04,113.63636363636364
316L,200.0,500.0,157.7142857,278.7142857,0.4,0.48181455546933716,0.2273362852365416,0.11,0.04,90.9090909090909
316L,200.0,600.0,133.7142857,265.8571429,0.3333333333333333,0.40849494919562285,0.21684921933115822,0.11,0.04,75.75757575757575
316L,200.0,700.0,126.0,198.8571429,0.2857142857142857,0.3849279329370001,0.1621999534257749,0.11,0.04,64.93506493506493
316L,200.0,800.0,141.4285714,128.4285714,0.25,0.4320619654542455,0.10475413654159871,0.11,0.04,56.81818181818182
316L,200.0,900.0,135.7142857,144.0,0.2222222222222222,0.414604916385099,0.11745513866231648,0.11,0.04,50.505050505050505
316L,200.0,1000.0,131.7142857,97.85714286,0.2,0.40238498200614664,0.07981822419249592,0.11,0.04,45.45454545454545
316L,200.0,1100.0,120.8571429,84.14285714,0.18181818181818182,0.3692165888664178,0.06863202050570963,0.11,0.04,41.32231404958678
316L,300.0,400.0,170.8571429,571.1428571,0.75,0.5219657686033227,0.4658587741435563,0.11,0.04,170.45454545454547
316L,300.0,500.0,159.1428571,469.4285714,0.6,0.4861788176602491,0.38289443017944536,0.11,0.04,136.36363636363635
316L,300.0,600.0,141.7142857,445.1428571,0.5,0.4329348179535276,0.36308552781402936,0.11,0.04,113.63636363636363
316L,300.0,700.0,145.1428571,360.8571429,0.42857142857142855,0.4434090473339158,0.2943369844208809,0.11,0.04,97.4025974025974
316L,300.0,800.0,138.0,350.4285714,0.375,0.4215877360738573,0.2858308086460033,0.11,0.04,85.22727272727273
316L,300.0,900.0,124.2857143,305.0,0.3333333333333333,0.379690818246806,0.24877650897226752,0.11,0.04,75.75757575757576
316L,300.0,1000.0,120.2857143,227.7142857,0.3,0.3674708838678536,0.18573759029363784,0.11,0.04,68.18181818181817
316L,300.0,1100.0,112.0,201.1428571,0.2727272727272727,0.3421581626106668,0.16406432063621532,0.11,0.04,61.98347107438017
316L,400.0,400.0,190.5714286,749.7142857,1.0,0.5821925879988024,0.6115124679445351,0.11,0.04,227.27272727272728
316L,400.0,500.0,200.5714286,623.7142857,0.8,0.6127424239461834,0.5087392216150082,0.11,0.04,181.8181818181818
316L,400.0,600.0,182.5714286,532.5714286,0.6666666666666666,0.5577527192408976,0.43439757634584014,0.11,0.04,151.5151515151515
316L,400.0,700.0,147.7142857,496.8571429,0.5714285714285714,0.4512647195219562,0.4052668376019576,0.11,0.04,129.87012987012986
316L,400.0,800.0,147.1428571,454.5714286,0.5,0.44951901452339194,0.37077604290375205,0.11,0.04,113.63636363636364
316L,400.0,900.0,136.2857143,409.8571429,0.4444444444444444,0.41635062138366313,0.3343043579934747,0.11,0.04,101.01010101010101
316L,400.0,1000.0,123.1428571,356.8571429,0.4,0.3761994082496777,0.291074341680261,0.11,0.04,90.9090909090909
316L,400.0,1100.0,114.2857143,313.5714286,0.36363636363636365,0.34914098229942503,0.2557678862969005,0.11,0.04,82.64462809917356
316L,500.0,400.0,188.0,911.4285714,1.25,0.5743369158107621,0.7434164530179446,0.11,0.04,284.09090909090907
316L,500.0,500.0,182.0,885.8571429,1.0,0.5560070142423336,0.722558844127243,0.11,0.04,227.27272727272725
316L,500.0,600.0,163.7142857,799.2857143,0.8333333333333334,0.5001444570377657,0.651945933360522,0.11,0.04,189.39393939393938
316L,500.0,700.0,152.5714286,721.5714286,0.7142857142857143,0.46610321139875477,0.5885574458401305,0.11,0.04,162.33766233766232
316L,500.0,800.0,141.4285714,648.0,0.625,0.4320619654542455,0.5285481239804242,0.11,0.04,142.04545454545453
316L,500.0,900.0,125.4285714,555.5714286,0.5555555555555556,0.3831822279384359,0.45315777210440455,0.11,0.04,126.26262626262627
316L,500.0,1000.0,138.8571429,444.4285714,0.5,0.4242062935717036,0.362502913050571,0.11,0.04,113.63636363636363
316L,500.0,1100.0,142.0,287.5714286,0.45454545454545453,0.43380767045280966,0.2345607084828711,0.11,0.04,103.30578512396694
316L,600.0,600.0,179.7142857,895.2857143,1.0,0.5490241945535752,0.7302493591353997,0.11,0.04,227.27272727272725
316L,600.0,700.0,161.4285714,782.0,0.8571428571428571,0.4931616373490075,0.6378466557911908,0.11,0.04,194.8051948051948
316L,600.0,800.0,153.7142857,681.0,0.75,0.46959462109038475,0.5554649265905384,0.11,0.04,170.45454545454547
316L,600.0,900.0,136.2857143,637.1428571,0.6666666666666666,0.41635062138366313,0.5196923793637847,0.11,0.04,151.51515151515153
IN718,100.0,400.0,98.0,157.0,0.25,0.29938839228433345,0.12805872756933115,0.11,0.04,56.81818181818182
IN718,100.0,500.0,90.0,136.0,0.2,0.2749485235264287,0.11092985318107668,0.11,0.04,45.45454545454545
IN718,100.0,600.0,92.0,55.0,0.16666666666666666,0.28105849071590483,0.044861337683523655,0.11,0.04,37.878787878787875
IN718,100.0,700.0,82.0,71.0,0.14285714285714285,0.2505086547685239,0.05791190864600326,0.11,0.04,32.467532467532465
IN718,100.0,800.0,70.0,30.0,0.125,0.21384885163166673,0.024469820554649267,0.11,0.04,28.40909090909091
IN718,100.0,900.0,60.0,19.0,0.1111111111111111,0.18329901568428578,0.015497553017944535,0.11,0.04,25.252525252525253
IN718,100.0,400.0,112.0,138.0,0.25,0.3421581626106668,0.11256117455138662,0.11,0.04,56.81818181818182
IN718,100.0,500.0,110.0,115.0,0.2,0.3360481954211906,0.09380097879282219,0.11,0.04,45.45454545454545
IN718,100.0,600.0,86.0,44.0,0.16666666666666666,0.26272858914747627,0.03588907014681892,0.11,0.04,37.878787878787875
IN718,100.0,700.0,96.0,55.0,0.14285714285714285,0.29327842509485724,0.044861337683523655,0.11,0.04,32.467532467532465
IN718,100.0,800.0,56.0,14.0,0.125,0.1710790813053334,0.011419249592169658,0.11,0.04,28.40909090909091
IN718,100.0,900.0,62.0,17.0,0.1111111111111111,0.18940898287376196,0.013866231647634585,0.11,0.04,25.252525252525253
IN718,100.0,400.0,110.0,153.0,0.25,0.3360481954211906,0.12479608482871125,0.11,0.04,56.81818181818182
IN718,100.0,500.0,106.0,76.0,0.2,0.3238282610422382,0.06199021207177814,0.11,0.04,45.45454545454545
IN718,100.0,600.0,94.0,56.0,0.16666666666666666,0.28716845790538104,0.04567699836867863,0.11,0.04,37.878787878787875
IN718,100.0,700.0,84.0,44.0,0.14285714285714285,0.25661862195800006,0.03588907014681892,0.11,0.04,32.467532467532465
IN718,100.0,800.0,82.0,37.0,0.125,0.2505086547685239,0.030179445350734094,0.11,0.04,28.40909090909091
IN718,100.0,900.0,60.0,22.0,0.1111111111111111,0.18329901568428578,0.01794453507340946,0.11,0.04,25.252525252525253
IN718,100.0,400.0,106.0,142.0,0.25,0.3238282610422382,0.11582381729200653,0.11,0.04,56.81818181818182
IN718,100.0,500.0,100.0,78.0,0.2,0.3054983594738096,0.0636215334420881,0.11,0.04,45.45454545454545
IN718,100.0,600.0,98.0,76.0,0.16666666666666666,0.29938839228433345,0.06199021207177814,0.11,0.04,37.878787878787875
IN718,100.0,700.0,102.0,48.0,0.14285714285714285,0.3116083266632858,0.03915171288743882,0.11,0.04,32.467532467532465
IN718,100.0,800.0,72.0,19.0,0.125,0.21995881882114293,0.015497553017944535,0.11,0.04,28.40909090909091
IN718,100.0,900.0,82.0,35.0,0.1111111111111111,0.2505086547685239,0.028548123980424143,0.11,0.04,25.252525252525253
IN718,100.0,400.0,122.0,138.0,0.25,0.37270799855804776,0.11256117455138662,0.11,0.04,56.81818181818182
IN718,100.0,500.0,104.0,79.0,0.2,0.317718293852762,0.06443719412724307,0.11,0.04,45.45454545454545
IN718,100.0,600.0,104.0,87.0,0.16666666666666666,0.317718293852762,0.07096247960848287,0.11,0.04,37.878787878787875
IN718,100.0,700.0,88.0,47.0,0.14285714285714285,0.26883855633695247,0.03833605220228385,0.11,0.04,32.467532467532465
IN718,100.0,800.0,78.0,25.0,0.125,0.2382887203895715,0.020391517128874388,0.11,0.04,28.40909090909091
IN718,100.0,900.0,58.0,15.0,0.1111111111111111,0.17718904849480957,0.012234910277324634,0.11,0.04,25.252525252525253
IN718,100.0,400.0,112.0,163.0,0.25,0.3421581626106668,0.132952691680261,0.11,0.04,56.81818181818182
IN718,100.0,500.0,102.0,87.0,0.2,0.3116083266632858,0.07096247960848287,0.11,0.04,45.45454545454545
IN718,100.0,600.0,90.0,50.0,0.16666666666666666,0.2749485235264287,0.040783034257748776,0.11,0.04,37.878787878787875
IN718,100.0,700.0,96.0,49.0,0.14285714285714285,0.29327842509485724,0.0399673735725938,0.11,0.04,32.467532467532465
IN718,100.0,800.0,86.0,44.0,0.125,0.26272858914747627,0.03588907014681892,0.11,0.04,28.40909090909091
IN718,100.0,900.0,72.0,23.0,0.1111111111111111,0.21995881882114293,0.018760195758564437,0.11,0.04,25.252525252525253
IN718,100.0,400.0,136.0,108.0,0.25,0.4154777688843811,0.08809135399673736,0.11,0.04,56.81818181818182
IN718,100.0,500.0,112.0,100.0,0.2,0.3421581626106668,0.08156606851549755,0.11,0.04,45.45454545454545
IN718,100.0,600.0,102.0,52.0,0.16666666666666666,0.3116083266632858,0.04241435562805873,0.11,0.04,37.878787878787875
IN718,100.0,700.0,100.0,63.0,0.14285714285714285,0.3054983594738096,0.05138662316476346,0.11,0.04,32.467532467532465
IN718,100.0,800.0,68.0,23.0,0.125,0.20773888444219055,0.018760195758564437,0.11,0.04,28.40909090909091
IN718,100.0,900.0,64.0,27.0,0.1111111111111111,0.19551895006323816,0.02202283849918434,0.11,0.04,25.252525252525253
IN718,100.0,400.0,140.0,153.0,0.25,0.42769770326333345,0.12479608482871125,0.11,0.04,56.81818181818182
IN718,100.0,500.0,114.0,81.0,0.2,0.348268129800143,0.06606851549755302,0.11,0.04,45.45454545454545
IN718,100.0,600.0,100.0,41.0,0.16666666666666666,0.3054983594738096,0.033442088091353996,0.11,0.04,37.878787878787875
IN718,100.0,700.0,86.0,37.0,0.14285714285714285,0.26272858914747627,0.030179445350734094,0.11,0.04,32.467532467532465
IN718,100.0,800.0,66.0,25.0,0.125,0.20162891725271434,0.020391517128874388,0.11,0.04,28.40909090909091
IN718,100.0,900.0,70.0,23.0,0.1111111111111111,0.21384885163166673,0.018760195758564437,0.11,0.04,25.252525252525253
IN718,100.0,400.0,140.0,148.0,0.25,0.42769770326333345,0.12071778140293637,0.11,0.04,56.81818181818182
IN718,100.0,500.0,100.0,100.0,0.2,0.3054983594738096,0.08156606851549755,0.11,0.04,45.45454545454545
IN718,100.0,600.0,104.0,59.0,0.16666666666666666,0.317718293852762,0.04812398042414356,0.11,0.04,37.878787878787875
IN718,100.0,700.0,78.0,44.0,0.14285714285714285,0.2382887203895715,0.03588907014681892,0.11,0.04,32.467532467532465
IN718,100.0,800.0,60.0,22.0,0.125,0.18329901568428578,0.01794453507340946,0.11,0.04,28.40909090909091
IN718,100.0,900.0,78.0,45.0,0.1111111111111111,0.2382887203895715,0.0367047308319739,0.11,0.04,25.252525252525253
IN718,200.0,400.0,166.0,289.0,0.5,0.507127276726524,0.23572593800978792,0.11,0.04,113.63636363636364
IN718,200.0,500.0,146.0,252.0,0.4,0.44602760483176207,0.20554649265905384,0.11,0.04,90.9090909090909
IN718,200.0,600.0,136.0,205.0,0.3333333333333333,0.4154777688843811,0.16721044045676997,0.11,0.04,75.75757575757575
IN718,200.0,700.0,132.0,206.0,0.2857142857142857,0.4032578345054287,0.16802610114192496,0.11,0.04,64.93506493506493
IN718,200.0,800.0,136.0,178.0,0.25,0.4154777688843811,0.14518760195758565,0.11,0.04,56.81818181818182
IN718,200.0,900.0,104.0,137.0,0.2222222222222222,0.317718293852762,0.11174551386623165,0.11,0.04,50.505050505050505
IN718,200.0,1000.0,112.0,105.0,0.2,0.3421581626106668,0.08564437194127243,0.11,0.04,45.45454545454545
IN718,200.0,1100.0,90.0,86.0,0.18181818181818182,0.2749485235264287,0.0701468189233279,0.11,0.04,41.32231404958678
IN718,200.0,400.0,168.0,258.0,0.5,0.5132372439160001,0.21044045676998369,0.11,0.04,113.63636363636364
IN718,200.0,500.0,136.0,259.0,0.4,0.4154777688843811,0.21125611745513867,0.11,0.04,90.9090909090909
IN718,200.0,600.0,178.0,223.0,0.3333333333333333,0.5437870798633812,0.18189233278955955,0.11,0.04,75.75757575757575
IN718,200.0,700.0,128.0,154.0,0.2857142857142857,0.3910379001264763,0.12561174551386622,0.11,0.04,64.93506493506493
IN718,200.0,800.0,150.0,111.0,0.25,0.4582475392107144,0.09053833605220228,0.11,0.04,56.81818181818182
IN718,200.0,900.0,118.0,137.0,0.2222222222222222,0.36048806417909535,0.11174551386623165,0.11,0.04,50.505050505050505
IN718,200.0,1000.0,106.0,127.0,0.2,0.3238282610422382,0.10358890701468189,0.11,0.04,45.45454545454545
IN718,200.0,1100.0,100.0,90.0,0.18181818181818182,0.3054983594738096,0.0734094616639478,0.11,0.04,41.32231404958678
IN718,200.0,400.0,186.0,254.0,0.5,0.5682269486212859,0.20717781402936378,0.11,0.04,113.63636363636364
IN718,200.0,500.0,166.0,234.0,0.4,0.507127276726524,0.19086460032626426,0.11,0.04,90.9090909090909
IN718,200.0,600.0,154.0,205.0,0.3333333333333333,0.47046747358966684,0.16721044045676997,0.11,0.04,75.75757575757575
IN718,200.0,700.0,146.0,189.0,0.2857142857142857,0.44602760483176207,0.15415986949429036,0.11,0.04,64.93506493506493
IN718,200.0,800.0,150.0,167.0,0.25,0.4582475392107144,0.1362153344208809,0.11,0.04,56.81818181818182
IN718,200.0,900.0,110.0,107.0,0.2222222222222222,0.3360481954211906,0.08727569331158239,0.11,0.04,50.505050505050505
IN718,200.0,1000.0,112.0,115.0,0.2,0.3421581626106668,0.09380097879282219,0.11,0.04,45.45454545454545
IN718,200.0,1100.0,92.0,77.0,0.18181818181818182,0.28105849071590483,0.06280587275693311,0.11,0.04,41.32231404958678
IN718,200.0,400.0,180.0,321.0,0.5,0.5498970470528574,0.26182707993474713,0.11,0.04,113.63636363636364
IN718,200.0,500.0,140.0,276.0,0.4,0.42769770326333345,0.22512234910277323,0.11,0.04,90.9090909090909
IN718,200.0,600.0,194.0,214.0,0.3333333333333333,0.5926668173791907,0.17455138662316477,0.11,0.04,75.75757575757575
IN718,200.0,700.0,142.0,205.0,0.2857142857142857,0.43380767045280966,0.16721044045676997,0.11,0.04,64.93506493506493
IN718,200.0,800.0,144.0,152.0,0.25,0.43991763764228586,0.12398042414355628,0.11,0.04,56.81818181818182
IN718,200.0,900.0,140.0,102.0,0.2222222222222222,0.42769770326333345,0.08319738988580751,0.11,0.04,50.505050505050505
IN718,200.0,1000.0,96.0,92.0,0.2,0.29327842509485724,0.07504078303425775,0.11,0.04,45.45454545454545
IN718,200.0,1100.0,84.0,53.0,0.18181818181818182,0.25661862195800006,0.0432300163132137,0.11,0.04,41.32231404958678
IN718,200.0,400.0,202.0,318.0,0.5,0.6171066861370954,0.25938009787928223,0.11,0.04,113.63636363636364
IN718,200.0,500.0,154.0,244.0,0.4,0.47046747358966684,0.19902120717781402,0.11,0.04,90.9090909090909
IN718,200.0,600.0,154.0,186.0,0.3333333333333333,0.47046747358966684,0.15171288743882544,0.11,0.04,75.75757575757575
IN718,200.0,700.0,140.0,196.0,0.2857142857142857,0.42769770326333345,0.1598694942903752,0.11,0.04,64.93506493506493
IN718,200.0,800.0,148.0,155.0,0.25,0.4521375720212382,0.1264274061990212,0.11,0.04,56.81818181818182
IN718,200.0,900.0,122.0,124.0,0.2222222222222222,0.37270799855804776,0.10114192495921696,0.11,0.04,50.505050505050505
IN718,200.0,1000.0,110.0,106.0,0.2,0.3360481954211906,0.0864600326264274,0.11,0.04,45.45454545454545
IN718,200.0,1100.0,104.0,75.0,0.18181818181818182,0.317718293852762,0.061174551386623165,0.11,0.04,41.32231404958678
IN718,200.0,400.0,184.0,355.0,0.5,0.5621169814318097,0.2895595432300163,0.11,0.04,113.63636363636364
IN718,200.0,500.0,140.0,265.0,0.4,0.42769770326333345,0.21615008156606852,0.11,0.04,90.9090909090909
IN718,200.0,600.0,148.0,219.0,0.3333333333333333,0.4521375720212382,0.17862969004893964,0.11,0.04,75.75757575757575
IN718,200.0,700.0,150.0,176.0,0.2857142857142857,0.4582475392107144,0.14355628058727568,0.11,0.04,64.93506493506493
IN718,200.0,800.0,132.0,140.0,0.25,0.4032578345054287,0.11419249592169657,0.11,0.04,56.81818181818182
IN718,200.0,900.0,128.0,127.0,0.2222222222222222,0.3910379001264763,0.10358890701468189,0.11,0.04,50.505050505050505
IN718,200.0,1000.0,110.0,104.0,0.2,0.3360481954211906,0.08482871125611746,0.11,0.04,45.45454545454545
IN718,200.0,1100.0,138.0,93.0,0.18181818181818182,0.4215877360738573,0.07585644371941272,0.11,0.04,41.32231404958678
IN718,200.0,400.0,198.0,303.0,0.5,0.6048867517581431,0.24714518760195758,0.11,0.04,113.63636363636364
IN718,200.0,500.0,176.0,281.0,0.4,0.5376771126739049,0.22920065252854813,0.11,0.04,90.9090909090909
IN718,200.0,600.0,192.0,251.0,0.3333333333333333,0.5865568501897145,0.20473083197389885,0.11,0.04,75.75757575757575
IN718,200.0,700.0,178.0,175.0,0.2857142857142857,0.5437870798633812,0.14274061990212072,0.11,0.04,64.93506493506493
IN718,200.0,800.0,150.0,161.0,0.25,0.4582475392107144,0.13132137030995106,0.11,0.04,56.81818181818182
IN718,200.0,900.0,140.0,128.0,0.2222222222222222,0.42769770326333345,0.10440456769983687,0.11,0.04,50.505050505050505
IN718,200.0,1000.0,128.0,105.0,0.2,0.3910379001264763,0.08564437194127243,0.11,0.04,45.45454545454545
IN718,200.0,1100.0,110.0,106.0,0.18181818181818182,0.3360481954211906,0.0864600326264274,0.11,0.04,41.32231404958678
IN718,200.0,400.0,190.0,346.0,0.5,0.5804468830002383,0.2822185970636215,0.11,0.04,113.63636363636364
IN718,200.0,500.0,176.0,299.0,0.4,0.5376771126739049,0.24388254486133767,0.11,0.04,90.9090909090909
IN718,200.0,600.0,150.0,236.0,0.3333333333333333,0.4582475392107144,0.19249592169657423,0.11,0.04,75.75757575757575
IN718,200.0,700.0,164.0,166.0,0.2857142857142857,0.5010173095370478,0.13539967373572595,0.11,0.04,64.93506493506493
IN718,200.0,800.0,148.0,143.0,0.25,0.4521375720212382,0.1166394779771615,0.11,0.04,56.81818181818182
IN718,200.0,900.0,112.0,145.0,0.2222222222222222,0.3421581626106668,0.11827079934747145,0.11,0.04,50.505050505050505
IN718,200.0,1000.0,100.0,101.0,0.2,0.3054983594738096,0.08238172920065252,0.11,0.04,45.45454545454545
IN718,200.0,1100.0,92.0,106.0,0.18181818181818182,0.28105849071590483,0.0864600326264274,0.11,0.04,41.32231404958678
IN718,200.0,400.0,186.0,326.0,0.5,0.5682269486212859,0.265905383360522,0.11,0.04,113.63636363636364
IN718,200.0,500.0,220.0,304.0,0.4,0.6720963908423812,0.24796084828711257,0.11,0.04,90.9090909090909
IN718,200.0,600.0,178.0,217.0,0.3333333333333333,0.5437870798633812,0.1769983686786297,0.11,0.04,75.75757575757575
IN718,200.0,700.0,158.0,162.0,0.2857142857142857,0.4826874079686192,0.13213703099510604,0.11,0.04,64.93506493506493
IN718,200.0,800.0,168.0,170.0,0.25,0.5132372439160001,0.13866231647634583,0.11,0.04,56.81818181818182
IN718,200.0,900.0,136.0,155.0,0.2222222222222222,0.4154777688843811,0.1264274061990212,0.11,0.04,50.505050505050505
IN718,200.0,1000.0,116.0,100.0,0.2,0.35437809698961914,0.08156606851549755,0.11,0.04,45.45454545454545
IN718,200.0,1100.0,112.0,112.0,0.18181818181818182,0.3421581626106668,0.09135399673735727,0.11,0.04,41.32231404958678
IN718,300.0,400.0,176.0,473.0,0.75,0.5376771126739049,0.38580750407830344,0.11,0.04,170.45454545454547
IN718,300.0,500.0,158.0,460.0,0.6,0.4826874079686192,0.37520391517128876,0.11,0.04,136.36363636363635
IN718,300.0,600.0,156.0,369.0,0.5,0.476577440779143,0.300978792822186,0.11,0.04,113.63636363636363
IN718,300.0,700.0,132.0,313.0,0.42857142857142855,0.4032578345054287,0.2553017944535073,0.11,0.04,97.4025974025974
IN718,300.0,800.0,142.0,300.0,0.375,0.43380767045280966,0.24469820554649266,0.11,0.04,85.22727272727273
IN718,300.0,900.0,122.0,260.0,0.3333333333333333,0.37270799855804776,0.21207177814029363,0.11,0.04,75.75757575757576
IN718,300.0,1000.0,110.0,246.0,0.3,0.3360481954211906,0.200652528548124,0.11,0.04,68.18181818181817
IN718,300.0,1100.0,132.0,147.0,0.2727272727272727,0.4032578345054287,0.1199021207177814,0.11,0.04,61.98347107438017
IN718,300.0,400.0,170.0,556.0,0.75,0.5193472111054763,0.4535073409461664,0.11,0.04,170.45454545454547
IN718,300.0,500.0,168.0,495.0,0.6,0.5132372439160001,0.40375203915171287,0.11,0.04,136.36363636363635
IN718,300.0,600.0,128.0,422.0,0.5,0.3910379001264763,0.3442088091353997,0.11,0.04,113.63636363636363
IN718,300.0,700.0,150.0,328.0,0.42857142857142855,0.4582475392107144,0.26753670473083196,0.11,0.04,97.4025974025974
IN718,300.0,800.0,146.0,287.0,0.375,0.44602760483176207,0.23409461663947798,0.11,0.04,85.22727272727273
IN718,300.0,900.0,122.0,280.0,0.3333333333333333,0.37270799855804776,0.22838499184339314,0.11,0.04,75.75757575757576
IN718,300.0,1000.0,132.0,233.0,0.3,0.4032578345054287,0.1900489396411093,0.11,0.04,68.18181818181817
IN718,300.0,1100.0,134.0,182.0,0.2727272727272727,0.4093678016949049,0.14845024469820556,0.11,0.04,61.98347107438017
IN718,300.0,400.0,222.0,539.0,0.75,0.6782063580318574,0.4396411092985318,0.11,0.04,170.45454545454547
IN718,300.0,500.0,168.0,509.0,0.6,0.5132372439160001,0.41517128874388254,0.11,0.04,136.36363636363635
IN718,300.0,600.0,154.0,407.0,0.5,0.47046747358966684,0.33197389885807504,0.11,0.04,113.63636363636363
IN718,300.0,700.0,158.0,264.0,0.42857142857142855,0.4826874079686192,0.21533442088091354,0.11,0.04,97.4025974025974
IN718,300.0,800.0,126.0,310.0,0.375,0.3849279329370001,0.2528548123980424,0.11,0.04,85.22727272727273
IN718,300.0,900.0,152.0,320.0,0.3333333333333333,0.46435750640019063,0.26101141924959215,0.11,0.04,75.75757575757576
IN718,300.0,1000.0,128.0,217.0,0.3,0.3910379001264763,0.1769983686786297,0.11,0.04,68.18181818181817
IN718,300.0,1100.0,144.0,184.0,0.2727272727272727,0.43991763764228586,0.1500815660685155,0.11,0.04,61.98347107438017
IN718,300.0,400.0,198.0,505.0,0.75,0.6048867517581431,0.41190864600326266,0.11,0.04,170.45454545454547
IN718,300.0,500.0,154.0,526.0,0.6,0.47046747358966684,0.4290375203915171,0.11,0.04,136.36363636363635
IN718,300.0,600.0,150.0,365.0,0.5,0.4582475392107144,0.29771615008156604,0.11,0.04,113.63636363636363
IN718,300.0,700.0,176.0,307.0,0.42857142857142855,0.5376771126739049,0.25040783034257746,0.11,0.04,97.4025974025974
IN718,300.0,800.0,146.0,295.0,0.375,0.44602760483176207,0.2406199021207178,0.11,0.04,85.22727272727273
IN718,300.0,900.0,136.0,287.0,0.3333333333333333,0.4154777688843811,0.23409461663947798,0.11,0.04,75.75757575757576
IN718,300.0,1000.0,136.0,177.0,0.3,0.4154777688843811,0.14437194127243066,0.11,0.04,68.18181818181817
IN718,300.0,1100.0,134.0,136.0,0.2727272727272727,0.4093678016949049,0.11092985318107668,0.11,0.04,61.98347107438017
IN718,300.0,400.0,196.0,546.0,0.75,0.5987767845686669,0.4453507340946166,0.11,0.04,170.45454545454547
IN718,300.0,500.0,198.0,463.0,0.6,0.6048867517581431,0.37765089722675366,0.11,0.04,136.36363636363635
IN718,300.0,600.0,204.0,334.0,0.5,0.6232166533265716,0.2724306688417618,0.11,0.04,113.63636363636363
IN718,300.0,700.0,186.0,378.0,0.42857142857142855,0.5682269486212859,0.3083197389885807,0.11,0.04,97.4025974025974
IN718,300.0,800.0,146.0,333.0,0.375,0.44602760483176207,0.27161500815660683,0.11,0.04,85.22727272727273
IN718,300.0,900.0,146.0,279.0,0.3333333333333333,0.44602760483176207,0.2275693311582382,0.11,0.04,75.75757575757576
IN718,300.0,1000.0,140.0,195.0,0.3,0.42769770326333345,0.15905383360522024,0.11,0.04,68.18181818181817
IN718,300.0,1100.0,126.0,144.0,0.2727272727272727,0.3849279329370001,0.11745513866231648,0.11,0.04,61.98347107438017
IN718,300.0,400.0,186.0,551.0,0.75,0.5682269486212859,0.44942903752039154,0.11,0.04,170.45454545454547
IN718,300.0,500.0,208.0,520.0,0.6,0.635436587705524,0.42414355628058725,0.11,0.04,136.36363636363635
IN718,300.0,600.0,180.0,317.0,0.5,0.5498970470528574,0.25856443719412725,0.11,0.04,113.63636363636363
IN718,300.0,700.0,156.0,365.0,0.42857142857142855,0.476577440779143,0.29771615008156604,0.11,0.04,97.4025974025974
IN718,300.0,800.0,138.0,306.0,0.375,0.4215877360738573,0.2495921696574225,0.11,0.04,85.22727272727273
IN718,300.0,900.0,150.0,306.0,0.3333333333333333,0.4582475392107144,0.2495921696574225,0.11,0.04,75.75757575757576
IN718,300.0,1000.0,124.0,245.0,0.3,0.3788179657475239,0.199836867862969,0.11,0.04,68.18181818181817
IN718,300.0,1100.0,122.0,123.0,0.2727272727272727,0.37270799855804776,0.100326264274062,0.11,0.04,61.98347107438017
IN718,300.0,400.0,206.0,604.0,0.75,0.6293266205160478,0.4926590538336052,0.11,0.04,170.45454545454547
IN718,300.0,500.0,184.0,460.0,0.6,0.5621169814318097,0.37520391517128876,0.11,0.04,136.36363636363635
IN718,300.0,600.0,180.0,362.0,0.5,0.5498970470528574,0.29526916802610115,0.11,0.04,113.63636363636363
IN718,300.0,700.0,164.0,353.0,0.42857142857142855,0.5010173095370478,0.28792822185970635,0.11,0.04,97.4025974025974
IN718,300.0,800.0,166.0,246.0,0.375,0.507127276726524,0.200652528548124,0.11,0.04,85.22727272727273
IN718,300.0,900.0,148.0,326.0,0.3333333333333333,0.4521375720212382,0.265905383360522,0.11,0.04,75.75757575757576
IN718,300.0,1000.0,134.0,227.0,0.3,0.4093678016949049,0.18515497553017946,0.11,0.04,68.18181818181817
IN718,300.0,1100.0,146.0,164.0,0.2727272727272727,0.44602760483176207,0.13376835236541598,0.11,0.04,61.98347107438017
IN718,300.0,400.0,212.0,550.0,0.75,0.6476565220844764,0.44861337683523655,0.11,0.04,170.45454545454547
IN718,300.0,500.0,200.0,398.0,0.6,0.6109967189476192,0.32463295269168024,0.11,0.04,136.36363636363635
IN718,300.0,600.0,190.0,326.0,0.5,0.5804468830002383,0.265905383360522,0.11,0.04,113.63636363636363
IN718,300.0,700.0,168.0,293.0,0.42857142857142855,0.5132372439160001,0.23898858075040783,0.11,0.04,97.4025974025974
IN718,300.0,800.0,148.0,279.0,0.375,0.4521375720212382,0.2275693311582382,0.11,0.04,85.22727272727273
IN718,300.0,900.0,140.0,281.0,0.3333333333333333,0.42769770326333345,0.22920065252854813,0.11,0.04,75.75757575757576
IN718,300.0,1000.0,146.0,177.0,0.3,0.44602760483176207,0.14437194127243066,0.11,0.04,68.18181818181817
IN718,300.0,1100.0,106.0,147.0,0.2727272727272727,0.3238282610422382,0.1199021207177814,0.11,0.04,61.98347107438017
IN718,300.0,400.0,186.0,558.0,0.75,0.5682269486212859,0.4551386623164764,0.11,0.04,170.45454545454547
IN718,300.0,500.0,208.0,449.0,0.6,0.635436587705524,0.366231647634584,0.11,0.04,136.36363636363635
IN718,300.0,600.0,166.0,373.0,0.5,0.507127276726524,0.30424143556280586,0.11,0.04,113.63636363636363
IN718,300.0,700.0,166.0,331.0,0.42857142857142855,0.507127276726524,0.2699836867862969,0.11,0.04,97.4025974025974
IN718,300.0,800.0,146.0,344.0,0.375,0.44602760483176207,0.2805872756933116,0.11,0.04,85.22727272727273
IN718,300.0,900.0,148.0,257.0,0.3333333333333333,0.4521375720212382,0.2096247960848287,0.11,0.04,75.75757575757576
IN718,300.0,1000.0,138.0,211.0,0.3,0.4215877360738573,0.17210440456769985,0.11,0.04,68.18181818181817
IN718,300.0,1100.0,146.0,153.0,0.2727272727272727,0.44602760483176207,0.12479608482871125,0.11,0.04,61.98347107438017
IN718,400.0,400.0,186.0,653.0,1.0,0.5682269486212859,0.532626427406199,0.11,0.04,227.27272727272728
IN718,400.0,500.0,192.0,647.0,0.8,0.5865568501897145,0.5277324632952691,0.11,0.04,181.8181818181818
IN718,400.0,600.0,198.0,493.0,0.6666666666666666,0.6048867517581431,0.40212071778140296,0.11,0.04,151.5151515151515
IN718,400.0,700.0,186.0,489.0,0.5714285714285714,0.5682269486212859,0.398858075040783,0.11,0.04,129.87012987012986
IN718,400.0,800.0,148.0,417.0,0.5,0.4521375720212382,0.3401305057096248,0.11,0.04,113.63636363636364
IN718,400.0,900.0,164.0,315.0,0.4444444444444444,0.5010173095370478,0.2569331158238173,0.11,0.04,101.01010101010101
IN718,400.0,1000.0,160.0,202.0,0.4,0.4887973751580954,0.16476345840130505,0.11,0.04,90.9090909090909
IN718,400.0,400.0,202.0,723.0,1.0,0.6171066861370954,0.5897226753670473,0.11,0.04,227.27272727272728
IN718,400.0,500.0,160.0,605.0,0.8,0.4887973751580954,0.4934747145187602,0.11,0.04,181.8181818181818
IN718,400.0,600.0,196.0,574.0,0.6666666666666666,0.5987767845686669,0.46818923327895595,0.11,0.04,151.5151515151515
IN718,400.0,700.0,180.0,547.0,0.5714285714285714,0.5498970470528574,0.4461663947797716,0.11,0.04,129.87012987012986
IN718,400.0,800.0,160.0,435.0,0.5,0.4887973751580954,0.3548123980424144,0.11,0.04,113.63636363636364
IN718,400.0,900.0,172.0,309.0,0.4444444444444444,0.5254571782949525,0.25203915171288743,0.11,0.04,101.01010101010101
IN718,400.0,1000.0,146.0,313.0,0.4,0.44602760483176207,0.2553017944535073,0.11,0.04,90.9090909090909
IN718,400.0,400.0,184.0,733.0,1.0,0.5621169814318097,0.5978792822185971,0.11,0.04,227.27272727272728
IN718,400.0,500.0,202.0,697.0,0.8,0.6171066861370954,0.5685154975530179,0.11,0.04,181.8181818181818
IN718,400.0,600.0,216.0,564.0,0.6666666666666666,0.6598764564634287,0.4600326264274062,0.11,0.04,151.5151515151515
IN718,400.0,700.0,194.0,512.0,0.5714285714285714,0.5926668173791907,0.4176182707993475,0.11,0.04,129.87012987012986
IN718,400.0,800.0,168.0,435.0,0.5,0.5132372439160001,0.3548123980424144,0.11,0.04,113.63636363636364
IN718,400.0,900.0,158.0,365.0,0.4444444444444444,0.4826874079686192,0.29771615008156604,0.11,0.04,101.01010101010101
IN718,400.0,1000.0,186.0,253.0,0.4,0.5682269486212859,0.20636215334420882,0.11,0.04,90.9090909090909
IN718,400.0,400.0,158.0,724.0,1.0,0.4826874079686192,0.5905383360522023,0.11,0.04,227.27272727272728
IN718,400.0,500.0,208.0,663.0,0.8,0.635436587705524,0.5407830342577488,0.11,0.04,181.8181818181818
IN718,400.0,600.0,176.0,564.0,0.6666666666666666,0.5376771126739049,0.4600326264274062,0.11,0.04,151.5151515151515
IN718,400.0,700.0,216.0,470.0,0.5714285714285714,0.6598764564634287,0.3833605220228385,0.11,0.04,129.87012987012986
IN718,400.0,800.0,168.0,461.0,0.5,0.5132372439160001,0.37601957585644374,0.11,0.04,113.63636363636364
IN718,400.0,900.0,138.0,365.0,0.4444444444444444,0.4215877360738573,0.29771615008156604,0.11,0.04,101.01010101010101
IN718,400.0,1000.0,170.0,182.0,0.4,0.5193472111054763,0.14845024469820556,0.11,0.04,90.9090909090909
IN718,400.0,400.0,138.0,783.0,1.0,0.4215877360738573,0.6386623164763459,0.11,0.04,227.27272727272728
IN718,400.0,500.0,238.0,681.0,0.8,0.7270860955476669,0.5554649265905384,0.11,0.04,181.8181818181818
IN718,400.0,600.0,198.0,593.0,0.6666666666666666,0.6048867517581431,0.4836867862969005,0.11,0.04,151.5151515151515
IN718,400.0,700.0,182.0,560.0,0.5714285714285714,0.5560070142423336,0.4567699836867863,0.11,0.04,129.87012987012986
IN718,400.0,800.0,176.0,501.0,0.5,0.5376771126739049,0.4086460032626427,0.11,0.04,113.63636363636364
IN718,400.0,900.0,168.0,442.0,0.4444444444444444,0.5132372439160001,0.3605220228384992,0.11,0.04,101.01010101010101
IN718,400.0,1000.0,128.0,204.0,0.4,0.3910379001264763,0.16639477977161501,0.11,0.04,90.9090909090909
IN718,400.0,400.0,226.0,817.0,1.0,0.6904262924108098,0.666394779771615,0.11,0.04,227.27272727272728
IN718,400.0,500.0,216.0,710.0,0.8,0.6598764564634287,0.5791190864600326,0.11,0.04,181.8181818181818
IN718,400.0,600.0,234.0,602.0,0.6666666666666666,0.7148661611687145,0.4910277324632953,0.11,0.04,151.5151515151515
IN718,400.0,700.0,212.0,459.0,0.5714285714285714,0.6476565220844764,0.3743882544861338,0.11,0.04,129.87012987012986
IN718,400.0,800.0,216.0,340.0,0.5,0.6598764564634287,0.27732463295269166,0.11,0.04,113.63636363636364
IN718,400.0,900.0,148.0,411.0,0.4444444444444444,0.4521375720212382,0.3352365415986949,0.11,0.04,101.01010101010101
IN718,400.0,1000.0,122.0,246.0,0.4,0.37270799855804776,0.200652528548124,0.11,0.04,90.9090909090909
IN718,400.0,400.0,194.0,817.0,1.0,0.5926668173791907,0.666394779771615,0.11,0.04,227.27272727272728
IN718,400.0,500.0,236.0,704.0,0.8,0.7209761283581907,0.5742251223491027,0.11,0.04,181.8181818181818
IN718,400.0,600.0,234.0,490.0,0.6666666666666666,0.7148661611687145,0.399673735725938,0.11,0.04,151.5151515151515
IN718,400.0,700.0,204.0,524.0,0.5714285714285714,0.6232166533265716,0.4274061990212072,0.11,0.04,129.87012987012986
IN718,400.0,800.0,240.0,349.0,0.5,0.7331960627371431,0.28466557911908646,0.11,0.04,113.63636363636364
IN718,400.0,900.0,164.0,392.0,0.4444444444444444,0.5010173095370478,0.3197389885807504,0.11,0.04,101.01010101010101
IN718,400.0,1000.0,186.0,238.0,0.4,0.5682269486212859,0.19412724306688417,0.11,0.04,90.9090909090909
IN718,400.0,400.0,224.0,789.0,1.0,0.6843163252213336,0.6435562805872757,0.11,0.04,227.27272727272728
IN718,400.0,500.0,194.0,719.0,0.8,0.5926668173791907,0.5864600326264274,0.11,0.04,181.8181818181818
IN718,400.0,600.0,226.0,605.0,0.6666666666666666,0.6904262924108098,0.4934747145187602,0.11,0.04,151.5151515151515
IN718,400.0,700.0,180.0,514.0,0.5714285714285714,0.5498970470528574,0.4192495921696574,0.11,0.04,129.87012987012986
IN718,400.0,800.0,220.0,423.0,0.5,0.6720963908423812,0.3450244698205546,0.11,0.04,113.63636363636364
IN718,400.0,900.0,230.0,378.0,0.4444444444444444,0.7026462267897622,0.3083197389885807,0.11,0.04,101.01010101010101
IN718,400.0,1000.0,168.0,262.0,0.4,0.5132372439160001,0.2137030995106036,0.11,0.04,90.9090909090909
IN718,400.0,400.0,232.0,809.0,1.0,0.7087561939792383,0.6598694942903752,0.11,0.04,227.27272727272728
IN718,400.0,500.0,208.0,694.0,0.8,0.635436587705524,0.566068515497553,0.11,0.04,181.8181818181818
IN718,400.0,600.0,240.0,626.0,0.6666666666666666,0.7331960627371431,0.5106035889070146,0.11,0.04,151.5151515151515
IN718,400.0,700.0,220.0,550.0,0.5714285714285714,0.6720963908423812,0.44861337683523655,0.11,0.04,129.87012987012986
IN718,400.0,800.0,214.0,449.0,0.5,0.6537664892739526,0.366231647634584,0.11,0.04,113.63636363636364
IN718,400.0,900.0,224.0,378.0,0.4444444444444444,0.6843163252213336,0.3083197389885807,0.11,0.04,101.01010101010101
IN718,400.0,1000.0,196.0,233.0,0.4,0.5987767845686669,0.1900489396411093,0.11,0.04,90.9090909090909
IN718,500.0,400.0,208.0,897.0,1.25,0.635436587705524,0.731647634584013,0.11,0.04,284.09090909090907
IN718,500.0,500.0,182.0,779.0,1.0,0.5560070142423336,0.6353996737357259,0.11,0.04,227.27272727272725
IN718,500.0,600.0,154.0,706.0,0.8333333333333334,0.47046747358966684,0.5758564437194127,0.11,0.04,189.39393939393938
IN718,500.0,700.0,124.0,584.0,0.7142857142857143,0.3788179657475239,0.4763458401305057,0.11,0.04,162.33766233766232
IN718,500.0,800.0,136.0,521.0,0.625,0.4154777688843811,0.42495921696574224,0.11,0.04,142.04545454545453
IN718,500.0,900.0,130.0,460.0,0.5555555555555556,0.39714786731595253,0.37520391517128876,0.11,0.04,126.26262626262627
IN718,500.0,1000.0,68.0,420.0,0.5,0.20773888444219055,0.3425774877650897,0.11,0.04,113.63636363636363
IN718,500.0,400.0,256.0,905.0,1.25,0.7820758002529526,0.7381729200652528,0.11,0.04,284.09090909090907
IN718,500.0,500.0,186.0,629.0,1.0,0.5682269486212859,0.5130505709624796,0.11,0.04,227.27272727272725
IN718,500.0,600.0,170.0,712.0,0.8333333333333334,0.5193472111054763,0.5807504078303426,0.11,0.04,189.39393939393938
IN718,500.0,700.0,134.0,599.0,0.7142857142857143,0.4093678016949049,0.48858075040783033,0.11,0.04,162.33766233766232
IN718,500.0,800.0,162.0,535.0,0.625,0.4949073423475716,0.4363784665579119,0.11,0.04,142.04545454545453
IN718,500.0,900.0,132.0,526.0,0.5555555555555556,0.4032578345054287,0.4290375203915171,0.11,0.04,126.26262626262627
IN718,500.0,1000.0,96.0,382.0,0.5,0.29327842509485724,0.31158238172920066,0.11,0.04,113.63636363636363
IN718,500.0,400.0,284.0,949.0,1.25,0.8676153409056193,0.7740619902120718,0.11,0.04,284.09090909090907
IN718,500.0,500.0,164.0,726.0,1.0,0.5010173095370478,0.5921696574225123,0.11,0.04,227.27272727272725
IN718,500.0,600.0,162.0,713.0,0.8333333333333334,0.4949073423475716,0.5815660685154975,0.11,0.04,189.39393939393938
IN718,500.0,700.0,154.0,645.0,0.7142857142857143,0.47046747358966684,0.5261011419249593,0.11,0.04,162.33766233766232
IN718,500.0,800.0,160.0,504.0,0.625,0.4887973751580954,0.4110929853181077,0.11,0.04,142.04545454545453
IN718,500.0,900.0,110.0,562.0,0.5555555555555556,0.3360481954211906,0.45840130505709625,0.11,0.04,126.26262626262627
IN718,500.0,1000.0,106.0,388.0,0.5,0.3238282610422382,0.3164763458401305,0.11,0.04,113.63636363636363
IN718,500.0,400.0,246.0,976.0,1.25,0.7515259643055717,0.7960848287112561,0.11,0.04,284.09090909090907
IN718,500.0,500.0,182.0,783.0,1.0,0.5560070142423336,0.6386623164763459,0.11,0.04,227.27272727272725
IN718,500.0,600.0,202.0,695.0,0.8333333333333334,0.6171066861370954,0.566884176182708,0.11,0.04,189.39393939393938
IN718,500.0,700.0,154.0,645.0,0.7142857142857143,0.47046747358966684,0.5261011419249593,0.11,0.04,162.33766233766232
IN718,500.0,800.0,174.0,549.0,0.625,0.5315671454844287,0.44779771615008157,0.11,0.04,142.04545454545453
IN718,500.0,900.0,128.0,492.0,0.5555555555555556,0.3910379001264763,0.401305057096248,0.11,0.04,126.26262626262627
IN718,500.0,1000.0,128.0,391.0,0.5,0.3910379001264763,0.3189233278955954,0.11,0.04,113.63636363636363
IN718,500.0,400.0,308.0,977.0,1.25,0.9409349471793337,0.7969004893964111,0.11,0.04,284.09090909090907
IN718,500.0,500.0,198.0,760.0,1.0,0.6048867517581431,0.6199021207177814,0.11,0.04,227.27272727272725
IN718,500.0,600.0,190.0,730.0,0.8333333333333334,0.5804468830002383,0.5954323001631321,0.11,0.04,189.39393939393938
IN718,500.0,700.0,168.0,639.0,0.7142857142857143,0.5132372439160001,0.5212071778140294,0.11,0.04,162.33766233766232
IN718,500.0,800.0,170.0,611.0,0.625,0.5193472111054763,0.49836867862969003,0.11,0.04,142.04545454545453
IN718,500.0,900.0,130.0,548.0,0.5555555555555556,0.39714786731595253,0.4469820554649266,0.11,0.04,126.26262626262627
IN718,500.0,1000.0,150.0,452.0,0.5,0.4582475392107144,0.36867862969004894,0.11,0.04,113.63636363636363
IN718,500.0,400.0,248.0,973.0,1.25,0.7576359314950478,0.7936378466557912,0.11,0.04,284.09090909090907
IN718,500.0,500.0,168.0,782.0,1.0,0.5132372439160001,0.6378466557911908,0.11,0.04,227.27272727272725
IN718,500.0,600.0,218.0,671.0,0.8333333333333334,0.665986423652905,0.5473083197389886,0.11,0.04,189.39393939393938
IN718,500.0,700.0,172.0,632.0,0.7142857142857143,0.5254571782949525,0.5154975530179445,0.11,0.04,162.33766233766232
IN718,500.0,800.0,186.0,591.0,0.625,0.5682269486212859,0.4820554649265905,0.11,0.04,142.04545454545453
IN718,500.0,900.0,108.0,509.0,0.5555555555555556,0.32993822823171437,0.41517128874388254,0.11,0.04,126.26262626262627
IN718,500.0,1000.0,120.0,455.0,0.5,0.36659803136857155,0.37112561174551384,0.11,0.04,113.63636363636363
IN718,500.0,400.0,298.0,986.0,1.25,0.9103851112319526,0.8042414355628059,0.11,0.04,284.09090909090907
IN718,500.0,500.0,192.0,786.0,1.0,0.5865568501897145,0.6411092985318108,0.11,0.04,227.27272727272725
IN718,500.0,600.0,168.0,736.0,0.8333333333333334,0.5132372439160001,0.600326264274062,0.11,0.04,189.39393939393938
IN718,500.0,700.0,144.0,671.0,0.7142857142857143,0.43991763764228586,0.5473083197389886,0.11,0.04,162.33766233766232
IN718,500.0,800.0,172.0,571.0,0.625,0.5254571782949525,0.46574225122349105,0.11,0.04,142.04545454545453
IN718,500.0,900.0,136.0,564.0,0.5555555555555556,0.4154777688843811,0.4600326264274062,0.11,0.04,126.26262626262627
IN718,500.0,1000.0,128.0,493.0,0.5,0.3910379001264763,0.40212071778140296,0.11,0.04,113.63636363636363
IN718,500.0,400.0,270.0,1000.0,1.25,0.824845570579286,0.8156606851549756,0.11,0.04,284.09090909090907
IN718,500.0,500.0,212.0,764.0,1.0,0.6476565220844764,0.6231647634584013,0.11,0.04,227.27272727272725
IN718,500.0,600.0,172.0,728.0,0.8333333333333334,0.5254571782949525,0.5938009787928222,0.11,0.04,189.39393939393938
IN718,500.0,700.0,172.0,663.0,0.7142857142857143,0.5254571782949525,0.5407830342577488,0.11,0.04,162.33766233766232
IN718,500.0,800.0,198.0,608.0,0.625,0.6048867517581431,0.49592169657422513,0.11,0.04,142.04545454545453
IN718,500.0,900.0,136.0,551.0,0.5555555555555556,0.4154777688843811,0.44942903752039154,0.11,0.04,126.26262626262627
IN718,500.0,1000.0,102.0,512.0,0.5,0.3116083266632858,0.4176182707993475,0.11,0.04,113.63636363636363
IN718,500.0,400.0,246.0,1020.0,1.25,0.7515259643055717,0.831973898858075,0.11,0.04,284.09090909090907
IN718,500.0,500.0,168.0,794.0,1.0,0.5132372439160001,0.6476345840130505,0.11,0.04,227.27272727272725
IN718,500.0,600.0,192.0,776.0,0.8333333333333334,0.5865568501897145,0.632952691680261,0.11,0.04,189.39393939393938
IN718,500.0,700.0,166.0,705.0,0.7142857142857143,0.507127276726524,0.5750407830342578,0.11,0.04,162.33766233766232
IN718,500.0,800.0,138.0,582.0,0.625,0.4215877360738573,0.47471451876019577,0.11,0.04,142.04545454545453
IN718,500.0,900.0,154.0,489.0,0.5555555555555556,0.47046747358966684,0.398858075040783,0.11,0.04,126.26262626262627
IN718,500.0,1000.0,120.0,472.0,0.5,0.36659803136857155,0.38499184339314846,0.11,0.04,113.63636363636363
IN718,600.0,400.0,236.0,1108.0,1.5,0.7209761283581907,0.9037520391517129,0.11,0.04,340.90909090909093
IN718,600.0,500.0,126.0,652.0,1.2,0.3849279329370001,0.531810766721044,0.11,0.04,272.7272727272727
IN718,600.0,400.0,276.0,1145.0,1.5,0.8431754721477146,0.933931484502447,0.11,0.04,340.90909090909093
IN718,600.0,500.0,122.0,640.0,1.2,0.37270799855804776,0.5220228384991843,0.11,0.04,272.7272727272727
IN718,600.0,400.0,254.0,1126.0,1.5,0.7759658330634764,0.9184339314845025,0.11,0.04,340.90909090909093
IN718,600.0,500.0,148.0,639.0,1.2,0.4521375720212382,0.5212071778140294,0.11,0.04,272.7272727272727
IN718,600.0,400.0,300.0,1204.0,1.5,0.9164950784214289,0.9820554649265906,0.11,0.04,340.90909090909093
IN718,600.0,500.0,170.0,680.0,1.2,0.5193472111054763,0.5546492659053833,0.11,0.04,272.7272727272727
IN718,600.0,400.0,260.0,1162.0,1.5,0.7942957346319051,0.9477977161500816,0.11,0.04,340.90909090909093
IN718,600.0,500.0,164.0,639.0,1.2,0.5010173095370478,0.5212071778140294,0.11,0.04,272.7272727272727
IN718,600.0,400.0,296.0,1226.0,1.5,0.9042751440424764,1.0,0.11,0.04,340.90909090909093
IN718,600.0,500.0,148.0,662.0,1.2,0.4521375720212382,0.5399673735725938,0.11,0.04,272.7272727272727
IN718,600.0,400.0,310.0,1140.0,1.5,0.9470449143688098,0.9298531810766721,0.11,0.04,340.90909090909093
IN718,600.0,500.0,184.0,690.0,1.2,0.5621169814318097,0.5628058727569332,0.11,0.04,272.7272727272727
IN718,600.0,400.0,312.0,1223.0,1.5,0.953154881558286,0.9975530179445351,0.11,0.04,340.90909090909093
IN718,600.0,500.0,192.0,722.0,1.2,0.5865568501897145,0.5889070146818923,0.11,0.04,272.7272727272727
IN718,600.0,400.0,300.0,1199.0,1.5,0.9164950784214289,0.9779771615008157,0.11,0.04,340.90909090909093
IN718,600.0,500.0,192.0,677.0,1.2,0.5865568501897145,0.5522022838499184,0.11,0.04,272.7272727272727
Ti64,200.0,1300.0,147.4782,148.0224,0.15384615384615385,0.45054348158150387,0.12073605220228385,0.1,0.03,51.282051282051285
Ti64,200.0,1350.0,132.2406,139.8594,0.14814814814814814,0.4039928635583227,0.11407781402936377,0.1,0.03,49.382716049382715
Ti64,200.0,1400.0,136.05,128.4312,0.14285714285714285,0.41563051806411805,0.10475628058727568,0.1,0.03,47.61904761904762
Ti64,200.0,1450.0,135.8686,115.4611,0.13793103448275862,0.41507634404003246,0.09417707993474715,0.1,0.03,45.97701149425288
Ti64,200.0,1500.0,148.5666,78.0927,0.13333333333333333,0.4538685257260168,0.06369714518760196,0.1,0.03,44.44444444444444
Ti64,200.0,1550.0,141.7641,79.9974,0.12903225806451613,0.433086999822811,0.06525073409461664,0.1,0.03,43.01075268817205
Ti64,200.0,1600.0,144.7572,63.6714,0.125,0.4422308712202216,0.05193425774877651,0.1,0.03,41.66666666666667
Ti64,200.0,1650.0,144.4851,67.4808,0.12121212121212122,0.4413996101840933,0.05504143556280587,0.1,0.03,40.4040404040404
Ti64,200.0,1700.0,140.6757,71.0181,0.11764705882352941,0.429761955678298,0.057926672104404574,0.1,0.03,39.21568627450981
Ti64,200.0,1300.0,135.5965,156.2761,0.15384615384615385,0.4142450830039042,0.12746827079934747,0.1,0.03,51.282051282051285
Ti64,200.0,1350.0,143.6688,146.3898,0.14814814814814814,0.43890582707570863,0.11940440456769984,0.1,0.03,49.382716049382715
Ti64,200.0,1400.0,131.4243,140.6757,0.14285714285714285,0.40149908044993793,0.1147436378466558,0.1,0.03,47.61904761904762
Ti64,200.0,1450.0,137.1384,111.2889,0.13793103448275862,0.4189555622086309,0.09077398042414356,0.1,0.03,45.97701149425288
Ti64,200.0,1500.0,142.8525,97.956,0.13333333333333333,0.43641204396732386,0.07989885807504078,0.1,0.03,44.44444444444444
Ti64,200.0,1550.0,139.8594,106.6632,0.12903225806451613,0.4272681725699133,0.08700097879282219,0.1,0.03,43.01075268817205
Ti64,200.0,1600.0,134.1453,97.2304,0.125,0.4098116908112203,0.07930701468189233,0.1,0.03,41.66666666666667
Ti64,200.0,1650.0,136.8663,87.3441,0.12121212121212122,0.4181243011725027,0.0712431484502447,0.1,0.03,40.4040404040404
Ti64,200.0,1700.0,146.3898,116.1867,0.11764705882352941,0.44721843743699097,0.09476892332789559,0.1,0.03,39.21568627450981
Ti64,200.0,1300.0,193.4631,40.815,0.15384615384615385,0.5910265966871757,0.03329119086460033,0.1,0.03,51.282051282051285
Ti64,200.0,1350.0,179.0418,46.8012,0.14814814814814814,0.5469697617723792,0.03817389885807504,0.1,0.03,49.382716049382715
Ti64,200.0,1400.0,175.7766,73.7391,0.14285714285714285,0.5369946293388405,0.06014608482871125,0.1,0.03,47.61904761904762
Ti64,200.0,1450.0,162.1716,67.7529,0.13793103448275862,0.49543157753242867,0.055263376835236536,0.1,0.03,45.97701149425288
Ti64,200.0,1500.0,122.1729,68.2971,0.13333333333333333,0.37323620522157797,0.05570725938009788,0.1,0.03,44.44444444444444
Ti64,200.0,1550.0,177.4092,42.4476,0.12903225806451613,0.5419821955556099,0.03462283849918434,0.1,0.03,43.01075268817205
Ti64,200.0,1600.0,187.4769,36.7335,0.125,0.5727388538923546,0.02996207177814029,0.1,0.03,41.66666666666667
Ti64,200.0,1650.0,175.7766,48.4338,0.12121212121212122,0.5369946293388405,0.039505546492659055,0.1,0.03,40.4040404040404
Ti64,200.0,1700.0,141.2199,69.1134,0.11764705882352941,0.4314244777505545,0.05637308319738989,0.1,0.03,39.21568627450981
Ti64,200.0,1300.0,133.6011,142.0362,0.15384615384615385,0.4081491687389639,0.11585334420880915,0.1,0.03,51.282051282051285
Ti64,200.0,1350.0,138.4989,148.2945,0.14814814814814814,0.4231118673892721,0.12095799347471452,0.1,0.03,49.382716049382715
Ti64,200.0,1400.0,142.8525,126.1637,0.14285714285714285,0.43641204396732386,0.1029067699836868,0.1,0.03,47.61904761904762
Ti64,200.0,1450.0,141.7641,114.5541,0.13793103448275862,0.433086999822811,0.09343727569331159,0.1,0.03,45.97701149425288
Ti64,200.0,1500.0,143.3967,118.0914,0.13333333333333333,0.4380745660395804,0.09632251223491027,0.1,0.03,44.44444444444444
Ti64,200.0,1550.0,145.8456,93.0582,0.12903225806451613,0.44555591536473443,0.07590391517128875,0.1,0.03,43.01075268817205
Ti64,200.0,1600.0,131.6964,115.9146,0.125,0.4023303414860662,0.09454698205546493,0.1,0.03,41.66666666666667
Ti64,200.0,1650.0,133.329,103.1259,0.12121212121212122,0.40731790770283566,0.0841157422512235,0.1,0.03,40.4040404040404
Ti64,200.0,1700.0,133.329,97.6839,0.11764705882352941,0.40731790770283566,0.0796769168026101,0.1,0.03,39.21568627450981
Ti64,200.0,1300.0,168.8834,109.3842,0.15384615384615385,0.5159360164235918,0.08922039151712888,0.1,0.03,51.282051282051285
Ti64,200.0,1350.0,138.8617,144.5758,0.14814814814814814,0.42422021543744315,0.1179247960848287,0.1,0.03,49.382716049382715
Ti64,200.0,1400.0,143.3967,134.1453,0.14285714285714285,0.4380745660395804,0.10941704730831973,0.1,0.03,47.61904761904762
Ti64,200.0,1450.0,122.9892,139.2245,0.13793103448275862,0.3757299883299626,0.11355995106035889,0.1,0.03,45.97701149425288
Ti64,200.0,1500.0,135.3244,139.8594,0.13333333333333333,0.41341382196777604,0.11407781402936377,0.1,0.03,44.44444444444444
Ti64,200.0,1550.0,111.2889,132.6941,0.12903225806451613,0.3399857637764485,0.10823336052202283,0.1,0.03,43.01075268817205
Ti64,200.0,1600.0,114.6448,122.3543,0.125,0.3502379832220301,0.09979959216965742,0.1,0.03,41.66666666666667
Ti64,200.0,1650.0,141.4013,71.5623,0.12121212121212122,0.43197865177463995,0.0583705546492659,0.1,0.03,40.4040404040404
Ti64,200.0,1700.0,105.5748,106.119,0.11764705882352941,0.32252928201775555,0.08655709624796085,0.1,0.03,39.21568627450981
Ti64,200.0,1300.0,160.0855,154.4621,0.15384615384615385,0.48905857625544547,0.12598866231647635,0.1,0.03,51.282051282051285
Ti64,200.0,1350.0,155.097,167.7043,0.14814814814814814,0.47381879059309456,0.13678980424143555,0.1,0.03,49.382716049382715
Ti64,200.0,1400.0,157.0017,151.5597,0.14285714285714285,0.4796376178459922,0.12362128874388253,0.1,0.03,47.61904761904762
Ti64,200.0,1450.0,154.2807,135.2337,0.13793103448275862,0.4713250074847098,0.1103048123980424,0.1,0.03,45.97701149425288
Ti64,200.0,1500.0,145.0293,112.6494,0.13333333333333333,0.44306213225634977,0.0918836867862969,0.1,0.03,44.44444444444444
Ti64,200.0,1550.0,158.0901,104.7585,0.12903225806451613,0.48296266199050514,0.08544738988580751,0.1,0.03,43.01075268817205
Ti64,200.0,1600.0,144.4851,130.608,0.125,0.4413996101840933,0.10653181076672105,0.1,0.03,41.66666666666667
Ti64,200.0,1650.0,138.4989,133.9639,0.12121212121212122,0.4231118673892721,0.10926908646003262,0.1,0.03,40.4040404040404
Ti64,200.0,1700.0,133.8732,126.98,0.11764705882352941,0.4089804297750921,0.1035725938009788,0.1,0.03,39.21568627450981
Ti64,200.0,1300.0,147.4782,136.05,0.15384615384615385,0.45054348158150387,0.11097063621533443,0.1,0.03,51.282051282051285
Ti64,200.0,1350.0,136.05,136.05,0.14814814814814814,0.41563051806411805,0.11097063621533443,0.1,0.03,49.382716049382715
Ti64,200.0,1400.0,133.6011,137.9547,0.14285714285714285,0.4081491687389639,0.11252422512234911,0.1,0.03,47.61904761904762
Ti64,200.0,1450.0,128.7033,110.4726,0.13793103448275862,0.39318647008865565,0.09010815660685155,0.1,0.03,45.97701149425288
Ti64,200.0,1500.0,119.9054,124.6218,0.13333333333333333,0.36630902992050934,0.10164910277324632,0.1,0.03,44.44444444444444
Ti64,200.0,1550.0,142.3083,86.7999,0.12903225806451613,0.43474952189506744,0.07079926590538335,0.1,0.03,43.01075268817205
Ti64,200.0,1600.0,127.6149,83.8068,0.125,0.3898614259441427,0.068357911908646,0.1,0.03,41.66666666666667
Ti64,200.0,1650.0,134.9616,81.9021,0.12121212121212122,0.41230547391960504,0.06680432300163132,0.1,0.03,40.4040404040404
Ti64,200.0,1700.0,136.3221,100.9491,0.11764705882352941,0.41646177910024623,0.08234021207177813,0.1,0.03,39.21568627450981
Ti64,200.0,1300.0,148.0224,135.2337,0.15384615384615385,0.4522060036537604,0.1103048123980424,0.1,0.03,51.282051282051285
Ti64,200.0,1350.0,181.7628,134.4174,0.14814814814814814,0.5552823721336616,0.1096389885807504,0.1,0.03,49.382716049382715
Ti64,200.0,1400.0,155.097,119.9961,0.14285714285714285,0.47381879059309456,0.09787610114192495,0.1,0.03,47.61904761904762
Ti64,200.0,1450.0,134.1453,112.3773,0.13793103448275862,0.4098116908112203,0.09166174551386623,0.1,0.03,45.97701149425288
Ti64,200.0,1500.0,133.0569,99.9514,0.13333333333333333,0.4064866466667074,0.08152642740619903,0.1,0.03,44.44444444444444
Ti64,200.0,1550.0,139.8594,111.2889,0.12903225806451613,0.4272681725699133,0.09077398042414356,0.1,0.03,43.01075268817205
Ti64,200.0,1600.0,139.0431,88.5232,0.125,0.4247743894615286,0.07220489396411094,0.1,0.03,41.66666666666667
Ti64,200.0,1650.0,131.6964,72.3786,0.12121212121212122,0.4023303414860662,0.05903637846655792,0.1,0.03,40.4040404040404
Ti64,200.0,1700.0,184.7559,73.1949,0.11764705882352941,0.5644262435310722,0.05970220228384992,0.1,0.03,39.21568627450981
Ti64,200.0,1300.0,143.2153,143.2153,0.15384615384615385,0.4375203920154949,0.11681508972267537,0.1,0.03,51.282051282051285
Ti64,200.0,1350.0,161.1739,139.0431,0.14814814814814814,0.4923836203999585,0.11341199021207178,0.1,0.03,49.382716049382715
Ti64,200.0,1400.0,136.3221,125.166,0.14285714285714285,0.41646177910024623,0.10209298531810766,0.1,0.03,47.61904761904762
Ti64,200.0,1450.0,136.3221,121.3566,0.13793103448275862,0.41646177910024623,0.0989858075040783,0.1,0.03,45.97701149425288
Ti64,200.0,1500.0,132.1499,71.5623,0.13333333333333333,0.40371577654627994,0.0583705546492659,0.1,0.03,44.44444444444444
Ti64,200.0,1550.0,143.5781,81.9021,0.12903225806451613,0.43862874006366587,0.06680432300163132,0.1,0.03,43.01075268817205
Ti64,200.0,1600.0,140.7664,61.7667,0.125,0.43003904269034077,0.05038066884176183,0.1,0.03,41.66666666666667
Ti64,200.0,1650.0,139.3152,60.9504,0.12121212121212122,0.42560565049765686,0.04971484502446982,0.1,0.03,40.4040404040404
Ti64,200.0,1700.0,138.6803,68.5692,0.11764705882352941,0.42366604141335756,0.05592920065252854,0.1,0.03,39.21568627450981
Ti64,200.0,1300.0,133.7825,152.1946,0.15384615384615385,0.40870334276304937,0.12413915171288745,0.1,0.03,51.282051282051285
Ti64,200.0,1350.0,139.0431,146.934,0.14814814814814814,0.4247743894615286,0.11984828711256117,0.1,0.03,49.382716049382715
Ti64,200.0,1400.0,136.3221,109.2935,0.14285714285714285,0.41646177910024623,0.08914641109298531,0.1,0.03,47.61904761904762
Ti64,200.0,1450.0,139.4059,114.9169,0.13793103448275862,0.42588273750969957,0.09373319738988581,0.1,0.03,45.97701149425288
Ti64,200.0,1500.0,144.8479,81.63,0.13333333333333333,0.4425079582322643,0.06658238172920065,0.1,0.03,44.44444444444444
Ti64,200.0,1550.0,136.2314,72.9228,0.12903225806451613,0.4161846920882035,0.05948026101141925,0.1,0.03,43.01075268817205
Ti64,200.0,1600.0,141.2199,87.5255,0.125,0.4314244777505545,0.0713911092985318,0.1,0.03,41.66666666666667
Ti64,200.0,1650.0,133.6011,82.9905,0.12121212121212122,0.4081491687389639,0.06769208809135399,0.1,0.03,40.4040404040404
Ti64,200.0,1700.0,127.7056,103.1259,0.11764705882352941,0.39013851295618546,0.0841157422512235,0.1,0.03,39.21568627450981
Ti64,200.0,1300.0,144.4851,38.3661,0.15384615384615385,0.4413996101840933,0.03129371941272431,0.1,0.03,51.282051282051285
Ti64,200.0,1350.0,164.8926,45.1686,0.14814814814814814,0.503744187893711,0.036842251223491024,0.1,0.03,49.382716049382715
Ti64,200.0,1400.0,168.702,65.5761,0.14285714285714285,0.5153818423995064,0.05348784665579119,0.1,0.03,47.61904761904762
Ti64,200.0,1450.0,180.9465,64.4877,0.13793103448275862,0.5527885890252768,0.05260008156606852,0.1,0.03,45.97701149425288
Ti64,200.0,1500.0,179.8581,60.9504,0.13333333333333333,0.549463544880764,0.04971484502446982,0.1,0.03,44.44444444444444
Ti64,200.0,1550.0,169.5183,41.6313,0.12903225806451613,0.517875625507891,0.033957014681892335,0.1,0.03,43.01075268817205
Ti64,200.0,1600.0,187.2048,33.0148,0.125,0.5719075928562264,0.026928874388254486,0.1,0.03,41.66666666666667
Ti64,200.0,1650.0,196.1841,44.3523,0.12121212121212122,0.5993392070484581,0.03617642740619902,0.1,0.03,40.4040404040404
Ti64,200.0,1700.0,177.9534,65.3947,0.11764705882352941,0.5436447176278663,0.05333988580750408,0.1,0.03,39.21568627450981
Ti64,200.0,1300.0,135.2337,141.492,0.15384615384615385,0.4131367349557333,0.11540946166394779,0.1,0.03,51.282051282051285
Ti64,200.0,1350.0,137.3198,145.5735,0.14814814814814814,0.41950973623271637,0.11873858075040783,0.1,0.03,49.382716049382715
Ti64,200.0,1400.0,118.9077,121.6287,0.14285714285714285,0.36326107278803915,0.09920774877650897,0.1,0.03,47.61904761904762
Ti64,200.0,1450.0,130.3359,105.6655,0.13793103448275862,0.3981740363054251,0.08618719412724306,0.1,0.03,45.97701149425288
Ti64,200.0,1500.0,139.0431,109.747,0.13333333333333333,0.4247743894615286,0.0895163132137031,0.1,0.03,44.44444444444444
Ti64,200.0,1550.0,130.0638,87.7069,0.12903225806451613,0.39734277526929673,0.07153907014681893,0.1,0.03,43.01075268817205
Ti64,200.0,1600.0,137.4105,112.3773,0.125,0.4197868232447592,0.09166174551386623,0.1,0.03,41.66666666666667
Ti64,200.0,1650.0,134.6895,95.235,0.12121212121212122,0.41147421288347685,0.0776794453507341,0.1,0.03,40.4040404040404
Ti64,200.0,1700.0,135.7779,102.0375,0.11764705882352941,0.4147992570279897,0.08322797716150081,0.1,0.03,39.21568627450981
Ti64,200.0,1300.0,130.608,105.5748,0.15384615384615385,0.39900529734155327,0.0861132137030995,0.1,0.03,51.282051282051285
Ti64,200.0,1350.0,144.4851,124.7125,0.14814814814814814,0.4413996101840933,0.10172308319738989,0.1,0.03,49.382716049382715
Ti64,200.0,1400.0,144.7572,108.2958,0.14285714285714285,0.4422308712202216,0.0883326264274062,0.1,0.03,47.61904761904762
Ti64,200.0,1450.0,111.2889,122.7171,0.13793103448275862,0.3399857637764485,0.10009551386623165,0.1,0.03,45.97701149425288
Ti64,200.0,1500.0,138.2268,134.9616,0.13333333333333333,0.42228060635314385,0.11008287112561174,0.1,0.03,44.44444444444444
Ti64,200.0,1550.0,129.5196,127.3428,0.12903225806451613,0.3956802531970403,0.10386851549755302,0.1,0.03,43.01075268817205
Ti64,200.0,1600.0,118.9077,105.6655,0.125,0.36326107278803915,0.08618719412724306,0.1,0.03,41.66666666666667
Ti64,200.0,1650.0,135.5058,68.5692,0.12121212121212122,0.4139679959918615,0.05592920065252854,0.1,0.03,40.4040404040404
Ti64,200.0,1700.0,132.6034,101.0398,0.11764705882352941,0.40510121160649365,0.08241419249592169,0.1,0.03,39.21568627450981
Ti64,200.0,1300.0,167.3415,128.4312,0.15384615384615385,0.5112255372188651,0.10475628058727568,0.1,0.03,51.282051282051285
Ti64,200.0,1350.0,153.7365,149.4736,0.14814814814814814,0.46966248541245337,0.12191973898858076,0.1,0.03,49.382716049382715
Ti64,200.0,1400.0,126.5265,98.0467,0.14285714285714285,0.38653638179962974,0.07997283849918434,0.1,0.03,47.61904761904762
Ti64,200.0,1450.0,108.2958,97.8653,0.13793103448275862,0.33084189237903794,0.07982487765089723,0.1,0.03,45.97701149425288
Ti64,200.0,1500.0,149.4736,95.5071,0.13333333333333333,0.4566393958464443,0.07790138662316476,0.1,0.03,44.44444444444444
Ti64,200.0,1550.0,162.7158,102.3096,0.12903225806451613,0.49709409960468515,0.08344991843393149,0.1,0.03,43.01075268817205
Ti64,200.0,1600.0,145.4828,129.3382,0.125,0.4444475673165635,0.10549608482871126,0.1,0.03,41.66666666666667
Ti64,200.0,1650.0,129.8824,117.2751,0.12121212121212122,0.39678860124521126,0.09565668841761826,0.1,0.03,40.4040404040404
Ti64,200.0,1700.0,130.608,80.8137,0.11764705882352941,0.39900529734155327,0.06591655791190865,0.1,0.03,39.21568627450981
Ti64,200.0,1300.0,148.8387,139.5873,0.15384615384615385,0.45469978676214506,0.11385587275693311,0.1,0.03,51.282051282051285
Ti64,200.0,1350.0,135.2337,136.3221,0.14814814814814814,0.4131367349557333,0.11119257748776509,0.1,0.03,49.382716049382715
Ti64,200.0,1400.0,147.4782,135.3244,0.14285714285714285,0.45054348158150387,0.11037879282218596,0.1,0.03,47.61904761904762
Ti64,200.0,1450.0,113.5564,104.4864,0.13793103448275862,0.34691293907751714,0.08522544861337684,0.1,0.03,45.97701149425288
Ti64,200.0,1500.0,128.7033,125.7102,0.13333333333333333,0.39318647008865565,0.102536867862969,0.1,0.03,44.44444444444444
Ti64,200.0,1550.0,135.2337,91.1535,0.12903225806451613,0.4131367349557333,0.07435032626427406,0.1,0.03,43.01075268817205
Ti64,200.0,1600.0,144.4851,74.8275,0.125,0.4413996101840933,0.061033849918433934,0.1,0.03,41.66666666666667
Ti64,200.0,1650.0,138.2268,84.7138,0.12121212121212122,0.42228060635314385,0.06909771615008158,0.1,0.03,40.4040404040404
Ti64,200.0,1700.0,134.9616,104.7585,0.11764705882352941,0.41230547391960504,0.08544738988580751,0.1,0.03,39.21568627450981
Ti64,200.0,1300.0,136.05,135.7779,0.15384615384615385,0.41563051806411805,0.11074869494290374,0.1,0.03,51.282051282051285
Ti64,200.0,1350.0,151.1969,133.0569,0.14814814814814814,0.46190404907525645,0.10852928221859708,0.1,0.03,49.382716049382715
Ti64,200.0,1400.0,122.9892,115.0983,0.14285714285714285,0.3757299883299626,0.09388115823817292,0.1,0.03,47.61904761904762
Ti64,200.0,1450.0,122.9892,99.8607,0.13793103448275862,0.3757299883299626,0.08145244698205546,0.1,0.03,45.97701149425288
Ti64,200.0,1500.0,110.654,100.9491,0.13333333333333333,0.33804615469214927,0.08234021207177813,0.1,0.03,44.44444444444444
Ti64,200.0,1550.0,129.7917,106.6632,0.12903225806451613,0.39651151423316855,0.08700097879282219,0.1,0.03,43.01075268817205
Ti64,200.0,1600.0,141.492,79.5439,0.125,0.43225573878668266,0.06488083197389885,0.1,0.03,41.66666666666667
Ti64,200.0,1650.0,145.5735,71.0181,0.12121212121212122,0.44472465432860625,0.057926672104404574,0.1,0.03,40.4040404040404
Ti64,200.0,1700.0,136.05,66.6645,0.11764705882352941,0.41563051806411805,0.05437561174551387,0.1,0.03,39.21568627450981
Ti64,200.0,1300.0,131.4243,145.5735,0.15384615384615385,0.40149908044993793,0.11873858075040783,0.1,0.03,51.282051282051285
Ti64,200.0,1350.0,134.4174,132.6034,0.14814814814814814,0.41064295184734856,0.10815938009787927,0.1,0.03,49.382716049382715
Ti64,200.0,1400.0,135.2337,124.6218,0.14285714285714285,0.4131367349557333,0.10164910277324632,0.1,0.03,47.61904761904762
Ti64,200.0,1450.0,127.887,118.0914,0.13793103448275862,0.39069268698027093,0.09632251223491027,0.1,0.03,45.97701149425288
Ti64,200.0,1500.0,142.8525,85.7115,0.13333333333333333,0.43641204396732386,0.06991150081566068,0.1,0.03,44.44444444444444
Ti64,200.0,1550.0,136.8663,96.3234,0.12903225806451613,0.4181243011725027,0.07856721044045678,0.1,0.03,43.01075268817205
Ti64,200.0,1600.0,130.3359,73.7391,0.125,0.3981740363054251,0.06014608482871125,0.1,0.03,41.66666666666667
Ti64,200.0,1650.0,131.6964,74.8275,0.12121212121212122,0.4023303414860662,0.061033849918433934,0.1,0.03,40.4040404040404
Ti64,200.0,1700.0,137.1384,104.4864,0.11764705882352941,0.4189555622086309,0.08522544861337684,0.1,0.03,39.21568627450981
Ti64,200.0,1300.0,158.0901,157.2738,0.15384615384615385,0.48296266199050514,0.12828205546492658,0.1,0.03,51.282051282051285
Ti64,200.0,1350.0,140.6757,165.4368,0.14814814814814814,0.429761955678298,0.13494029363784665,0.1,0.03,49.382716049382715
Ti64,200.0,1400.0,123.5334,145.3014,0.14285714285714285,0.37739251040221916,0.11851663947797716,0.1,0.03,47.61904761904762
Ti64,200.0,1450.0,130.0638,140.9478,0.13793103448275862,0.39734277526929673,0.11496557911908646,0.1,0.03,45.97701149425288
Ti64,200.0,1500.0,137.4105,135.2337,0.13333333333333333,0.4197868232447592,0.1103048123980424,0.1,0.03,44.44444444444444
Ti64,200.0,1550.0,136.6849,97.6839,0.12903225806451613,0.4175701271484172,0.0796769168026101,0.1,0.03,43.01075268817205
Ti64,200.0,1600.0,151.0155,81.63,0.125,0.461349875051171,0.06658238172920065,0.1,0.03,41.66666666666667
Ti64,200.0,1650.0,143.1246,130.6987,0.12121212121212122,0.4372433050034521,0.10660579119086461,0.1,0.03,40.4040404040404
Ti64,200.0,1700.0,137.2291,96.0513,0.11764705882352941,0.41923264922067366,0.0783452691680261,0.1,0.03,39.21568627450981
Ti64,200.0,1300.0,148.5666,50.3385,0.15384615384615385,0.4538685257260168,0.041059135399673735,0.1,0.03,51.282051282051285
Ti64,200.0,1350.0,159.7227,39.7266,0.14814814814814814,0.4879502282072745,0.03240342577487765,0.1,0.03,49.382716049382715
Ti64,200.0,1400.0,179.3139,46.257,0.14285714285714285,0.5478010228085075,0.0377300163132137,0.1,0.03,47.61904761904762
Ti64,200.0,1450.0,184.7559,64.7598,0.13793103448275862,0.5644262435310722,0.05282202283849918,0.1,0.03,45.97701149425288
Ti64,200.0,1500.0,152.6481,64.4877,0.13333333333333333,0.4663374412679404,0.05260008156606852,0.1,0.03,44.44444444444444
Ti64,200.0,1550.0,154.2807,53.0595,0.12903225806451613,0.4713250074847098,0.04327854812398042,0.1,0.03,43.01075268817205
Ti64,200.0,1600.0,187.4769,38.094,0.125,0.5727388538923546,0.03107177814029364,0.1,0.03,41.66666666666667
Ti64,200.0,1650.0,189.6537,43.8081,0.12121212121212122,0.5793889421813805,0.03573254486133769,0.1,0.03,40.4040404040404
Ti64,200.0,1700.0,194.0073,78.6369,0.11764705882352941,0.5926891187594322,0.06414102773246329,0.1,0.03,39.21568627450981
Ti64,200.0,1300.0,147.4782,144.4851,0.15384615384615385,0.45054348158150387,0.11785081566068514,0.1,0.03,51.282051282051285
Ti64,200.0,1350.0,142.8525,142.5804,0.14814814814814814,0.43641204396732386,0.11629722675367048,0.1,0.03,49.382716049382715
Ti64,200.0,1400.0,136.3221,135.2337,0.14285714285714285,0.41646177910024623,0.1103048123980424,0.1,0.03,47.61904761904762
Ti64,200.0,1450.0,137.1384,105.5748,0.13793103448275862,0.4189555622086309,0.0861132137030995,0.1,0.03,45.97701149425288
Ti64,200.0,1500.0,134.9616,95.7792,0.13333333333333333,0.41230547391960504,0.07812332789559544,0.1,0.03,44.44444444444444
Ti64,200.0,1550.0,130.608,88.7046,0.12903225806451613,0.39900529734155327,0.07235285481239805,0.1,0.03,43.01075268817205
Ti64,200.0,1600.0,147.7503,86.2557,0.125,0.45137474261763216,0.07035538336052202,0.1,0.03,41.66666666666667
Ti64,200.0,1650.0,127.887,77.2764,0.12121212121212122,0.39069268698027093,0.06303132137030995,0.1,0.03,40.4040404040404
Ti64,200.0,1700.0,131.4243,69.9297,0.11764705882352941,0.40149908044993793,0.05703890701468189,0.1,0.03,39.21568627450981
Ti64,200.0,1300.0,146.6619,141.492,0.15384615384615385,0.4480496984731192,0.11540946166394779,0.1,0.03,51.282051282051285
Ti64,200.0,1350.0,152.376,154.5528,0.14814814814814814,0.46550618023181217,0.1260626427406199,0.1,0.03,49.382716049382715
Ti64,200.0,1400.0,139.8594,159.1785,0.14285714285714285,0.4272681725699133,0.12983564437194128,0.1,0.03,47.61904761904762
Ti64,200.0,1450.0,173.4184,134.1453,0.13793103448275862,0.529790367025729,0.10941704730831973,0.1,0.03,45.97701149425288
Ti64,200.0,1500.0,164.6205,110.4726,0.13333333333333333,0.5029129268575827,0.09010815660685155,0.1,0.03,44.44444444444444
Ti64,200.0,1550.0,122.9892,124.6218,0.12903225806451613,0.3757299883299626,0.10164910277324632,0.1,0.03,43.01075268817205
Ti64,200.0,1600.0,122.7171,126.2544,0.125,0.37489872729383444,0.10298075040783035,0.1,0.03,41.66666666666667
Ti64,200.0,1650.0,127.3428,53.0595,0.12121212121212122,0.38903016490801445,0.04327854812398042,0.1,0.03,40.4040404040404
Ti64,200.0,1700.0,130.608,66.6645,0.11764705882352941,0.39900529734155327,0.05437561174551387,0.1,0.03,39.21568627450981
Ti64,200.0,1300.0,177.772,184.121,0.15384615384615385,0.5430905436037808,0.15018026101141926,0.1,0.03,51.282051282051285
Ti64,200.0,1350.0,147.7503,167.8857,0.14814814814814814,0.45137474261763216,0.1369377650897227,0.1,0.03,49.382716049382715
Ti64,200.0,1400.0,160.0855,172.2393,0.14285714285714285,0.48905857625544547,0.14048882544861335,0.1,0.03,47.61904761904762
Ti64,200.0,1450.0,154.0993,142.0362,0.13793103448275862,0.4707708334606243,0.11585334420880915,0.1,0.03,45.97701149425288
Ti64,200.0,1500.0,148.4759,124.8939,0.13333333333333333,0.4535914387139741,0.101871044045677,0.1,0.03,44.44444444444444
Ti64,200.0,1550.0,167.6136,118.0914,0.12903225806451613,0.5120567982549933,0.09632251223491027,0.1,0.03,43.01075268817205
Ti64,200.0,1600.0,161.0832,106.3911,0.125,0.4921065333879157,0.08677903752039151,0.1,0.03,41.66666666666667
Ti64,200.0,1650.0,147.6596,106.6632,0.12121212121212122,0.45109765560558945,0.08700097879282219,0.1,0.03,40.4040404040404
Ti64,200.0,1700.0,131.9685,77.9113,0.11764705882352941,0.40316160252219446,0.06354918433931485,0.1,0.03,39.21568627450981
Ti64,200.0,1300.0,150.4713,112.5587,0.15384615384615385,0.45968735297891455,0.09180970636215334,0.1,0.03,51.282051282051285
Ti64,200.0,1350.0,149.655,148.5666,0.14814814814814814,0.4571935698705298,0.12117993474714518,0.1,0.03,49.382716049382715
Ti64,200.0,1400.0,144.4851,137.9547,0.14285714285714285,0.4413996101840933,0.11252422512234911,0.1,0.03,47.61904761904762
Ti64,200.0,1450.0,140.9478,130.608,0.13793103448275862,0.43059321671442624,0.10653181076672105,0.1,0.03,45.97701149425288
Ti64,200.0,1500.0,142.8525,110.2005,0.13333333333333333,0.43641204396732386,0.08988621533442089,0.1,0.03,44.44444444444444
Ti64,200.0,1550.0,145.3014,105.1213,0.12903225806451613,0.443893393292478,0.08574331158238173,0.1,0.03,43.01075268817205
Ti64,200.0,1600.0,142.5804,95.235,0.125,0.4355807829311956,0.0776794453507341,0.1,0.03,41.66666666666667
Ti64,200.0,1650.0,147.4782,88.5232,0.12121212121212122,0.45054348158150387,0.07220489396411094,0.1,0.03,40.4040404040404
Ti64,200.0,1700.0,148.5666,81.63,0.11764705882352941,0.4538685257260168,0.06658238172920065,0.1,0.03,39.21568627450981
Ti64,200.0,1300.0,154.3714,144.7572,0.15384615384615385,0.47160209449675256,0.11807275693311584,0.1,0.03,51.282051282051285
Ti64,200.0,1350.0,136.8663,134.1453,0.14814814814814814,0.4181243011725027,0.10941704730831973,0.1,0.03,49.382716049382715
Ti64,200.0,1400.0,151.2876,130.3359,0.14285714285714285,0.4621811360872992,0.10630986949429039,0.1,0.03,47.61904761904762
Ti64,200.0,1450.0,126.5265,124.6218,0.13793103448275862,0.38653638179962974,0.10164910277324632,0.1,0.03,45.97701149425288
Ti64,200.0,1500.0,126.5265,78.0927,0.13333333333333333,0.38653638179962974,0.06369714518760196,0.1,0.03,44.44444444444444
Ti64,200.0,1550.0,133.329,117.8193,0.12903225806451613,0.40731790770283566,0.0961005709624796,0.1,0.03,43.01075268817205
Ti64,200.0,1600.0,168.7927,78.0927,0.125,0.515658929411549,0.06369714518760196,0.1,0.03,41.66666666666667
Ti64,200.0,1650.0,135.7779,74.8275,0.12121212121212122,0.4147992570279897,0.061033849918433934,0.1,0.03,40.4040404040404
Ti64,200.0,1700.0,129.5196,73.8298,0.11764705882352941,0.3956802531970403,0.06022006525285482,0.1,0.03,39.21568627450981
Ti64,370.0,1300.0,269.676,283.296,0.2846153846153846,0.8238557558945908,0.23107340946166394,0.1,0.03,94.87179487179488
Ti64,370.0,1350.0,261.504,326.88,0.2740740740740741,0.7988904299583912,0.2666231647634584,0.1,0.03,91.35802469135803
Ti64,370.0,1400.0,295.554,275.124,0.2642857142857143,0.9029126213592232,0.2244078303425775,0.1,0.03,88.09523809523809
Ti64,370.0,1450.0,294.192,276.486,0.25517241379310346,0.8987517337031901,0.22551876019575856,0.1,0.03,85.05747126436782
Ti64,370.0,1500.0,290.106,265.59,0.24666666666666667,0.8862690707350901,0.21663132137030994,0.1,0.03,82.22222222222223
Ti64,370.0,1550.0,291.922,266.952,0.23870967741935484,0.8918169209431346,0.21774225122349103,0.1,0.03,79.56989247311829
Ti64,370.0,1600.0,267.406,228.816,0.23125,0.8169209431345353,0.18663621533442087,0.1,0.03,77.08333333333334
Ti64,370.0,1650.0,276.486,238.35,0.22424242424242424,0.8446601941747572,0.1944127243066884,0.1,0.03,74.74747474747474
Ti64,370.0,1700.0,261.504,246.522,0.21764705882352942,0.7988904299583912,0.20107830342577487,0.1,0.03,72.54901960784314
Ti64,370.0,1300.0,276.486,276.486,0.2846153846153846,0.8446601941747572,0.22551876019575856,0.1,0.03,94.87179487179488
Ti64,370.0,1350.0,256.056,280.572,0.2740740740740741,0.782246879334258,0.2288515497553018,0.1,0.03,91.35802469135803
Ti64,370.0,1400.0,253.786,279.21,0.2642857142857143,0.7753120665742025,0.2277406199021207,0.1,0.03,88.09523809523809
Ti64,370.0,1450.0,296.008,257.418,0.25517241379310346,0.9042995839112343,0.2099657422512235,0.1,0.03,85.05747126436782
Ti64,370.0,1500.0,282.388,314.622,0.24666666666666667,0.8626907073509015,0.25662479608482874,0.1,0.03,82.22222222222223
Ti64,370.0,1550.0,266.498,268.768,0.23870967741935484,0.8141470180305131,0.21922349102773245,0.1,0.03,79.56989247311829
Ti64,370.0,1600.0,227.454,261.504,0.23125,0.694868238557559,0.21329853181076674,0.1,0.03,77.08333333333334
Ti64,370.0,1650.0,265.136,261.504,0.22424242424242424,0.80998613037448,0.21329853181076674,0.1,0.03,74.74747474747474
Ti64,370.0,1700.0,246.976,230.178,0.21764705882352942,0.7545076282940361,0.18774714518760197,0.1,0.03,72.54901960784314
Ti64,370.0,1300.0,262.866,171.612,0.2846153846153846,0.8030513176144244,0.13997716150081566,0.1,0.03,94.87179487179488
Ti64,370.0,1350.0,256.51,141.648,0.2740740740740741,0.7836338418862691,0.11553670473083197,0.1,0.03,91.35802469135803
Ti64,370.0,1400.0,261.504,175.698,0.2642857142857143,0.7988904299583912,0.1433099510603589,0.1,0.03,88.09523809523809
Ti64,370.0,1450.0,253.786,114.408,0.25517241379310346,0.7753120665742025,0.09331810766721044,0.1,0.03,85.05747126436782
Ti64,370.0,1500.0,262.866,88.53,0.24666666666666667,0.8030513176144244,0.07221044045676998,0.1,0.03,82.22222222222223
Ti64,370.0,1550.0,294.192,89.892,0.23870967741935484,0.8987517337031901,0.07332137030995106,0.1,0.03,79.56989247311829
Ti64,370.0,1600.0,236.988,129.39,0.23125,0.723994452149792,0.10553833605220227,0.1,0.03,77.08333333333334
Ti64,370.0,1650.0,227.454,96.702,0.22424242424242424,0.694868238557559,0.07887601957585644,0.1,0.03,74.74747474747474
Ti64,370.0,1700.0,238.804,186.594,0.21764705882352942,0.7295423023578363,0.1521973898858075,0.1,0.03,72.54901960784314
Ti64,370.0,1300.0,152.544,133.476,0.2846153846153846,0.46601941747572817,0.10887112561174551,0.1,0.03,94.87179487179488
Ti64,370.0,1350.0,277.394,233.356,0.2740740740740741,0.8474341192787794,0.19033931484502448,0.1,0.03,91.35802469135803
Ti64,370.0,1400.0,271.038,209.748,0.2642857142857143,0.8280166435506242,0.1710831973898858,0.1,0.03,88.09523809523809
Ti64,370.0,1450.0,315.984,152.544,0.25517241379310346,0.9653259361997225,0.12442414355628059,0.1,0.03,85.05747126436782
Ti64,370.0,1500.0,275.124,148.458,0.24666666666666667,0.8404993065187241,0.12109135399673736,0.1,0.03,82.22222222222223
Ti64,370.0,1550.0,236.988,204.754,0.23870967741935484,0.723994452149792,0.16700978792822185,0.1,0.03,79.56989247311829
Ti64,370.0,1600.0,219.282,177.06,0.23125,0.6699029126213593,0.14442088091353997,0.1,0.03,77.08333333333334
Ti64,370.0,1650.0,236.988,198.852,0.22424242424242424,0.723994452149792,0.1621957585644372,0.1,0.03,74.74747474747474
Ti64,370.0,1700.0,271.038,198.852,0.21764705882352942,0.8280166435506242,0.1621957585644372,0.1,0.03,72.54901960784314
Ti64,370.0,1300.0,208.386,156.63,0.2846153846153846,0.6366158113730929,0.1277569331158238,0.1,0.03,94.87179487179488
Ti64,370.0,1350.0,219.282,156.63,0.2740740740740741,0.6699029126213593,0.1277569331158238,0.1,0.03,91.35802469135803
Ti64,370.0,1400.0,175.244,133.93,0.2642857142857143,0.5353675450762829,0.10924143556280588,0.1,0.03,88.09523809523809
Ti64,370.0,1450.0,200.214,113.046,0.25517241379310346,0.6116504854368932,0.09220717781402937,0.1,0.03,85.05747126436782
Ti64,370.0,1500.0,185.232,122.58,0.24666666666666667,0.565880721220527,0.0999836867862969,0.1,0.03,82.22222222222223
Ti64,370.0,1550.0,170.25,133.476,0.23870967741935484,0.5201109570041609,0.10887112561174551,0.1,0.03,79.56989247311829
Ti64,370.0,1600.0,187.956,166.618,0.23125,0.5742024965325936,0.1359037520391517,0.1,0.03,77.08333333333334
Ti64,370.0,1650.0,257.418,131.206,0.22424242424242424,0.7864077669902912,0.10701957585644371,0.1,0.03,74.74747474747474
Ti64,370.0,1700.0,167.526,137.562,0.21764705882352942,0.5117891816920943,0.11220391517128875,0.1,0.03,72.54901960784314
Ti64,370.0,1300.0,198.852,170.25,0.2846153846153846,0.6074895977808599,0.1388662316476346,0.1,0.03,94.87179487179488
Ti64,370.0,1350.0,280.572,196.128,0.2740740740740741,0.8571428571428571,0.15997389885807503,0.1,0.03,91.35802469135803
Ti64,370.0,1400.0,257.418,157.992,0.2642857142857143,0.7864077669902912,0.12886786296900488,0.1,0.03,88.09523809523809
Ti64,370.0,1450.0,291.468,208.386,0.25517241379310346,0.8904299583911235,0.16997226753670472,0.1,0.03,85.05747126436782
Ti64,370.0,1500.0,269.676,166.164,0.24666666666666667,0.8238557558945908,0.13553344208809134,0.1,0.03,82.22222222222223
Ti64,370.0,1550.0,229.27,202.938,0.23870967741935484,0.7004160887656034,0.1655285481239804,0.1,0.03,79.56989247311829
Ti64,370.0,1600.0,230.178,200.668,0.23125,0.7031900138696255,0.16367699836867863,0.1,0.03,77.08333333333334
Ti64,370.0,1650.0,215.196,215.196,0.22424242424242424,0.6574202496532594,0.17552691680261012,0.1,0.03,74.74747474747474
Ti64,370.0,1700.0,179.784,143.01,0.21764705882352942,0.5492371705963939,0.11664763458401305,0.1,0.03,72.54901960784314
Ti64,370.0,1300.0,243.798,108.506,0.2846153846153846,0.7447988904299584,0.08850407830342577,0.1,0.03,94.87179487179488
Ti64,370.0,1350.0,253.786,162.078,0.2740740740740741,0.7753120665742025,0.13220065252854812,0.1,0.03,91.35802469135803
Ti64,370.0,1400.0,242.436,98.064,0.2642857142857143,0.7406380027739251,0.07998694942903752,0.1,0.03,88.09523809523809
Ti64,370.0,1450.0,270.13,80.812,0.25517241379310346,0.8252427184466019,0.06591517128874388,0.1,0.03,85.05747126436782
Ti64,370.0,1500.0,230.178,117.132,0.24666666666666667,0.7031900138696255,0.09553996737357259,0.1,0.03,82.22222222222223
Ti64,370.0,1550.0,271.038,113.046,0.23870967741935484,0.8280166435506242,0.09220717781402937,0.1,0.03,79.56989247311829
Ti64,370.0,1600.0,224.73,95.34,0.23125,0.6865464632454923,0.07776508972267537,0.1,0.03,77.08333333333334
Ti64,370.0,1650.0,231.994,139.832,0.22424242424242424,0.7087378640776699,0.11405546492659054,0.1,0.03,74.74747474747474
Ti64,370.0,1700.0,219.282,157.992,0.21764705882352942,0.6699029126213593,0.12886786296900488,0.1,0.03,72.54901960784314
Ti64,370.0,1300.0,245.16,181.6,0.2846153846153846,0.7489597780859917,0.14812398042414354,0.1,0.03,94.87179487179488
Ti64,370.0,1350.0,247.884,160.716,0.2740740740740741,0.7572815533980582,0.13108972267536706,0.1,0.03,91.35802469135803
Ti64,370.0,1400.0,242.436,209.748,0.2642857142857143,0.7406380027739251,0.1710831973898858,0.1,0.03,88.09523809523809
Ti64,370.0,1450.0,233.356,191.134,0.25517241379310346,0.7128987517337032,0.15590048939641107,0.1,0.03,85.05747126436782
Ti64,370.0,1500.0,227.454,172.066,0.24666666666666667,0.694868238557559,0.140347471451876,0.1,0.03,82.22222222222223
Ti64,370.0,1550.0,243.344,192.95,0.23870967741935484,0.7434119278779473,0.15738172920065252,0.1,0.03,79.56989247311829
Ti64,370.0,1600.0,231.54,204.3,0.23125,0.7073509015256588,0.1666394779771615,0.1,0.03,77.08333333333334
Ti64,370.0,1650.0,219.736,143.464,0.22424242424242424,0.6712898751733702,0.11701794453507341,0.1,0.03,74.74747474747474
Ti64,370.0,1700.0,213.834,98.064,0.21764705882352942,0.6532593619972261,0.07998694942903752,0.1,0.03,72.54901960784314
Ti64,370.0,1300.0,310.536,239.712,0.2846153846153846,0.9486823855755895,0.1955236541598695,0.1,0.03,94.87179487179488
Ti64,370.0,1350.0,309.174,238.35,0.2740740740740741,0.9445214979195561,0.1944127243066884,0.1,0.03,91.35802469135803
Ti64,370.0,1400.0,271.038,262.866,0.2642857142857143,0.8280166435506242,0.21440946166394778,0.1,0.03,88.09523809523809
Ti64,370.0,1450.0,309.174,204.3,0.25517241379310346,0.9445214979195561,0.1666394779771615,0.1,0.03,85.05747126436782
Ti64,370.0,1500.0,256.056,183.87,0.24666666666666667,0.782246879334258,0.14997553017944534,0.1,0.03,82.22222222222223
Ti64,370.0,1550.0,264.228,208.84,0.23870967741935484,0.8072122052704577,0.1703425774877651,0.1,0.03,79.56989247311829
Ti64,370.0,1600.0,237.896,147.55,0.23125,0.726768377253814,0.12035073409461665,0.1,0.03,77.08333333333334
Ti64,370.0,1650.0,205.208,172.974,0.22424242424242424,0.6269070735090152,0.14108809135399672,0.1,0.03,74.74747474747474
Ti64,370.0,1700.0,236.988,154.36,0.21764705882352942,0.723994452149792,0.12590538336052204,0.1,0.03,72.54901960784314
Ti64,370.0,1300.0,280.118,291.468,0.2846153846153846,0.855755894590846,0.23773898858075043,0.1,0.03,94.87179487179488
Ti64,370.0,1350.0,327.334,256.056,0.2740740740740741,1.0,0.2088548123980424,0.1,0.03,91.35802469135803
Ti64,370.0,1400.0,318.708,272.4,0.2642857142857143,0.9736477115117893,0.2221859706362153,0.1,0.03,88.09523809523809
Ti64,370.0,1450.0,291.468,232.902,0.25517241379310346,0.8904299583911235,0.1899690048939641,0.1,0.03,85.05747126436782
Ti64,370.0,1500.0,242.436,279.21,0.24666666666666667,0.7406380027739251,0.2277406199021207,0.1,0.03,82.22222222222223
Ti64,370.0,1550.0,235.626,205.662,0.23870967741935484,0.7198335644937587,0.1677504078303426,0.1,0.03,79.56989247311829
Ti64,370.0,1600.0,246.522,236.988,0.23125,0.753120665742025,0.19330179445350734,0.1,0.03,77.08333333333334
Ti64,370.0,1650.0,208.386,133.476,0.22424242424242424,0.6366158113730929,0.10887112561174551,0.1,0.03,74.74747474747474
Ti64,370.0,1700.0,213.834,137.562,0.21764705882352942,0.6532593619972261,0.11220391517128875,0.1,0.03,72.54901960784314
Ti64,370.0,1300.0,236.988,212.472,0.2846153846153846,0.723994452149792,0.17330505709624797,0.1,0.03,94.87179487179488
Ti64,370.0,1350.0,250.608,230.178,0.2740740740740741,0.7656033287101248,0.18774714518760197,0.1,0.03,91.35802469135803
Ti64,370.0,1400.0,181.146,196.128,0.2642857142857143,0.5533980582524272,0.15997389885807503,0.1,0.03,88.09523809523809
Ti64,370.0,1450.0,200.668,197.036,0.25517241379310346,0.6130374479889044,0.16071451876019577,0.1,0.03,85.05747126436782
Ti64,370.0,1500.0,175.698,152.998,0.24666666666666667,0.536754507628294,0.12479445350734093,0.1,0.03,82.22222222222223
Ti64,370.0,1550.0,211.11,183.87,0.23870967741935484,0.6449375866851595,0.14997553017944534,0.1,0.03,79.56989247311829
Ti64,370.0,1600.0,138.016,153.452,0.23125,0.42163661581137307,0.1251647634584013,0.1,0.03,77.08333333333334
Ti64,370.0,1650.0,179.784,128.482,0.22424242424242424,0.5492371705963939,0.10479771615008157,0.1,0.03,74.74747474747474
Ti64,370.0,1700.0,179.784,162.986,0.21764705882352942,0.5492371705963939,0.13294127243066883,0.1,0.03,72.54901960784314
Ti64,370.0,1300.0,194.766,113.046,0.2846153846153846,0.59500693481276,0.09220717781402937,0.1,0.03,94.87179487179488
Ti64,370.0,1350.0,220.19,108.96,0.2740740740740741,0.6726768377253814,0.08887438825448613,0.1,0.03,91.35802469135803
Ti64,370.0,1400.0,230.178,157.992,0.2642857142857143,0.7031900138696255,0.12886786296900488,0.1,0.03,88.09523809523809
Ti64,370.0,1450.0,215.65,84.444,0.25517241379310346,0.6588072122052705,0.06887765089722675,0.1,0.03,85.05747126436782
Ti64,370.0,1500.0,223.822,137.562,0.24666666666666667,0.6837725381414702,0.11220391517128875,0.1,0.03,82.22222222222223
Ti64,370.0,1550.0,178.876,80.812,0.23870967741935484,0.5464632454923717,0.06591517128874388,0.1,0.03,79.56989247311829
Ti64,370.0,1600.0,196.128,136.2,0.23125,0.5991678224687933,0.11109298531810766,0.1,0.03,77.08333333333334
Ti64,370.0,1650.0,199.306,99.426,0.22424242424242424,0.6088765603328711,0.0810978792822186,0.1,0.03,74.74747474747474
Ti64,370.0,1700.0,185.232,102.604,0.21764705882352942,0.565880721220527,0.0836900489396411,0.1,0.03,72.54901960784314
Ti64,370.0,1300.0,238.35,204.3,0.2846153846153846,0.7281553398058253,0.1666394779771615,0.1,0.03,94.87179487179488
Ti64,370.0,1350.0,237.442,224.73,0.2740740740740741,0.7253814147018031,0.18330342577487765,0.1,0.03,91.35802469135803
Ti64,370.0,1400.0,221.098,201.576,0.2642857142857143,0.6754507628294036,0.16441761827079934,0.1,0.03,88.09523809523809
Ti64,370.0,1450.0,212.018,123.488,0.25517241379310346,0.6477115117891817,0.10072430668841761,0.1,0.03,85.05747126436782
Ti64,370.0,1500.0,224.276,84.444,0.24666666666666667,0.6851595006934813,0.06887765089722675,0.1,0.03,82.22222222222223
Ti64,370.0,1550.0,224.276,118.494,0.23870967741935484,0.6851595006934813,0.09665089722675367,0.1,0.03,79.56989247311829
Ti64,370.0,1600.0,230.178,98.064,0.23125,0.7031900138696255,0.07998694942903752,0.1,0.03,77.08333333333334
Ti64,370.0,1650.0,201.122,143.464,0.22424242424242424,0.6144244105409155,0.11701794453507341,0.1,0.03,74.74747474747474
Ti64,370.0,1700.0,203.392,118.494,0.21764705882352942,0.6213592233009708,0.09665089722675367,0.1,0.03,72.54901960784314
Ti64,370.0,1300.0,246.522,167.526,0.2846153846153846,0.753120665742025,0.13664437194127244,0.1,0.03,94.87179487179488
Ti64,370.0,1350.0,155.268,141.648,0.2740740740740741,0.47434119278779474,0.11553670473083197,0.1,0.03,91.35802469135803
Ti64,370.0,1400.0,185.232,198.852,0.2642857142857143,0.565880721220527,0.1621957585644372,0.1,0.03,88.09523809523809
Ti64,370.0,1450.0,225.184,106.236,0.25517241379310346,0.6879334257975035,0.08665252854812398,0.1,0.03,85.05747126436782
Ti64,370.0,1500.0,236.988,104.874,0.24666666666666667,0.723994452149792,0.0855415986949429,0.1,0.03,82.22222222222223
Ti64,370.0,1550.0,322.794,98.518,0.23870967741935484,0.9861303744798889,0.08035725938009788,0.1,0.03,79.56989247311829
Ti64,370.0,1600.0,227.454,91.254,0.23125,0.694868238557559,0.07443230016313214,0.1,0.03,77.08333333333334
Ti64,370.0,1650.0,200.214,132.114,0.22424242424242424,0.6116504854368932,0.10776019575856444,0.1,0.03,74.74747474747474
Ti64,370.0,1700.0,213.834,113.046,0.21764705882352942,0.6532593619972261,0.09220717781402937,0.1,0.03,72.54901960784314
Ti64,370.0,1300.0,276.486,228.816,0.2846153846153846,0.8446601941747572,0.18663621533442087,0.1,0.03,94.87179487179488
Ti64,370.0,1350.0,247.884,271.038,0.2740740740740741,0.7572815533980582,0.22107504078303428,0.1,0.03,91.35802469135803
Ti64,370.0,1400.0,252.424,215.196,0.2642857142857143,0.7711511789181692,0.17552691680261012,0.1,0.03,88.09523809523809
Ti64,370.0,1450.0,190.68,177.06,0.25517241379310346,0.5825242718446602,0.14442088091353997,0.1,0.03,85.05747126436782
Ti64,370.0,1500.0,251.97,271.492,0.24666666666666667,0.7697642163661581,0.22144535073409463,0.1,0.03,82.22222222222223
Ti64,370.0,1550.0,217.92,228.816,0.23870967741935484,0.6657420249653259,0.18663621533442087,0.1,0.03,79.56989247311829
Ti64,370.0,1600.0,190.68,185.232,0.23125,0.5825242718446602,0.15108646003262644,0.1,0.03,77.08333333333334
Ti64,370.0,1650.0,172.974,133.022,0.22424242424242424,0.5284327323162274,0.10850081566068515,0.1,0.03,74.74747474747474
Ti64,370.0,1700.0,217.012,81.72,0.21764705882352942,0.6629680998613038,0.0666557911908646,0.1,0.03,72.54901960784314
Ti64,370.0,1300.0,227.908,137.562,0.2846153846153846,0.69625520110957,0.11220391517128875,0.1,0.03,94.87179487179488
Ti64,370.0,1350.0,222.46,215.196,0.2740740740740741,0.6796116504854369,0.17552691680261012,0.1,0.03,91.35802469135803
Ti64,370.0,1400.0,212.472,209.748,0.2642857142857143,0.6490984743411928,0.1710831973898858,0.1,0.03,88.09523809523809
Ti64,370.0,1450.0,224.73,197.944,0.25517241379310346,0.6865464632454923,0.16145513866231648,0.1,0.03,85.05747126436782
Ti64,370.0,1500.0,223.368,177.06,0.24666666666666667,0.6823855755894591,0.14442088091353997,0.1,0.03,82.22222222222223
Ti64,370.0,1550.0,212.472,147.096,0.23870967741935484,0.6490984743411928,0.11998042414355628,0.1,0.03,79.56989247311829
Ti64,370.0,1600.0,235.626,162.078,0.23125,0.7198335644937587,0.13220065252854812,0.1,0.03,77.08333333333334
Ti64,370.0,1650.0,215.196,147.55,0.22424242424242424,0.6574202496532594,0.12035073409461665,0.1,0.03,74.74747474747474
Ti64,370.0,1700.0,179.784,89.892,0.21764705882352942,0.5492371705963939,0.07332137030995106,0.1,0.03,72.54901960784314
Ti64,370.0,1550.0,253.332,147.096,0.23870967741935484,0.7739251040221914,0.11998042414355628,0.1,0.03,79.56989247311829
Ti64,370.0,1600.0,215.196,205.662,0.23125,0.6574202496532594,0.1677504078303426,0.1,0.03,77.08333333333334
Ti64,370.0,1650.0,204.754,160.716,0.22424242424242424,0.6255201109570041,0.13108972267536706,0.1,0.03,74.74747474747474
Ti64,370.0,1700.0,223.368,143.01,0.21764705882352942,0.6823855755894591,0.11664763458401305,0.1,0.03,72.54901960784314
Ti64,370.0,1300.0,286.928,267.406,0.2846153846153846,0.8765603328710124,0.21811256117455138,0.1,0.03,94.87179487179488
Ti64,370.0,1350.0,253.332,251.97,0.2740740740740741,0.7739251040221914,0.20552202283849919,0.1,0.03,91.35802469135803
Ti64,370.0,1400.0,247.884,251.97,0.2642857142857143,0.7572815533980582,0.20552202283849919,0.1,0.03,88.09523809523809
Ti64,370.0,1450.0,232.902,200.214,0.25517241379310346,0.711511789181692,0.16330668841761828,0.1,0.03,85.05747126436782
Ti64,370.0,1500.0,257.418,238.35,0.24666666666666667,0.7864077669902912,0.1944127243066884,0.1,0.03,82.22222222222223
Ti64,370.0,1550.0,215.196,185.232,0.23870967741935484,0.6574202496532594,0.15108646003262644,0.1,0.03,79.56989247311829
Ti64,370.0,1600.0,242.89,170.25,0.23125,0.7420249653259362,0.1388662316476346,0.1,0.03,77.08333333333334
Ti64,370.0,1650.0,179.784,152.544,0.22424242424242424,0.5492371705963939,0.12442414355628059,0.1,0.03,74.74747474747474
Ti64,370.0,1700.0,223.368,138.924,0.21764705882352942,0.6823855755894591,0.11331484502446983,0.1,0.03,72.54901960784314
Ti64,370.0,1300.0,205.662,104.874,0.2846153846153846,0.6282940360610264,0.0855415986949429,0.1,0.03,94.87179487179488
Ti64,370.0,1350.0,243.798,228.816,0.2740740740740741,0.7447988904299584,0.18663621533442087,0.1,0.03,91.35802469135803
Ti64,370.0,1400.0,219.282,113.046,0.2642857142857143,0.6699029126213593,0.09220717781402937,0.1,0.03,88.09523809523809
Ti64,370.0,1300.0,271.038,156.63,0.2846153846153846,0.8280166435506242,0.1277569331158238,0.1,0.03,94.87179487179488
Ti64,370.0,1350.0,253.332,143.01,0.2740740740740741,0.7739251040221914,0.11664763458401305,0.1,0.03,91.35802469135803
Ti64,370.0,1400.0,256.056,113.046,0.2642857142857143,0.782246879334258,0.09220717781402937,0.1,0.03,88.09523809523809
Ti64,370.0,1450.0,251.97,95.34,0.25517241379310346,0.7697642163661581,0.07776508972267537,0.1,0.03,85.05747126436782
Ti64,370.0,1500.0,214.288,99.426,0.24666666666666667,0.6546463245492372,0.0810978792822186,0.1,0.03,82.22222222222223
Ti64,370.0,1550.0,200.214,85.806,0.23870967741935484,0.6116504854368932,0.06998858075040783,0.1,0.03,79.56989247311829
Ti64,370.0,1600.0,215.196,132.114,0.23125,0.6574202496532594,0.10776019575856444,0.1,0.03,77.08333333333334
Ti64,370.0,1650.0,257.418,133.476,0.22424242424242424,0.7864077669902912,0.10887112561174551,0.1,0.03,74.74747474747474
Ti64,370.0,1700.0,238.35,87.168,0.21764705882352942,0.7281553398058253,0.0710995106035889,0.1,0.03,72.54901960784314
Ti64,370.0,1300.0,213.834,136.2,0.2846153846153846,0.6532593619972261,0.11109298531810766,0.1,0.03,94.87179487179488
Ti64,370.0,1350.0,200.214,114.408,0.2740740740740741,0.6116504854368932,0.09331810766721044,0.1,0.03,91.35802469135803
Ti64,370.0,1400.0,204.3,141.648,0.2642857142857143,0.6241331484049931,0.11553670473083197,0.1,0.03,88.09523809523809
Ti64,370.0,1450.0,215.65,162.078,0.25517241379310346,0.6588072122052705,0.13220065252854812,0.1,0.03,85.05747126436782
Ti64,370.0,1500.0,228.816,88.53,0.24666666666666667,0.6990291262135923,0.07221044045676998,0.1,0.03,82.22222222222223
Ti64,370.0,1550.0,234.264,104.874,0.23870967741935484,0.7156726768377254,0.0855415986949429,0.1,0.03,79.56989247311829
Ti64,370.0,1450.0,227.454,74.91,0.25517241379310346,0.694868238557559,0.06110114192495921,0.1,0.03,85.05747126436782
Ti64,370.0,1500.0,204.3,47.67,0.24666666666666667,0.6241331484049931,0.03888254486133769,0.1,0.03,82.22222222222223
Ti64,370.0,1550.0,205.662,76.272,0.23870967741935484,0.6282940360610264,0.062212071778140296,0.1,0.03,79.56989247311829
Ti64,370.0,1600.0,157.992,118.494,0.23125,0.48266296809986126,0.09665089722675367,0.1,0.03,77.08333333333334
Ti64,370.0,1650.0,234.264,68.1,0.22424242424242424,0.7156726768377254,0.05554649265905383,0.1,0.03,74.74747474747474
Ti64,370.0,1700.0,193.404,102.15,0.21764705882352942,0.5908460471567267,0.08331973898858075,0.1,0.03,72.54901960784314
Ti64,370.0,1300.0,307.812,193.858,0.2846153846153846,0.9403606102635229,0.15812234910277326,0.1,0.03,94.87179487179488
Ti64,370.0,1350.0,276.486,208.386,0.2740740740740741,0.8446601941747572,0.16997226753670472,0.1,0.03,91.35802469135803
Ti64,370.0,1400.0,262.866,187.956,0.2642857142857143,0.8030513176144244,0.15330831973898856,0.1,0.03,88.09523809523809
Ti64,370.0,1450.0,232.448,145.734,0.25517241379310346,0.710124826629681,0.11886949429037522,0.1,0.03,85.05747126436782
Ti64,370.0,1500.0,229.27,179.784,0.24666666666666667,0.7004160887656034,0.14664274061990212,0.1,0.03,82.22222222222223
Ti64,370.0,1550.0,253.332,156.63,0.23870967741935484,0.7739251040221914,0.1277569331158238,0.1,0.03,79.56989247311829
Ti64,370.0,1600.0,212.472,179.784,0.23125,0.6490984743411928,0.14664274061990212,0.1,0.03,77.08333333333334
Ti64,370.0,1650.0,257.418,235.172,0.22424242424242424,0.7864077669902912,0.1918205546492659,0.1,0.03,74.74747474747474
Ti64,370.0,1700.0,164.802,119.856,0.21764705882352942,0.5034674063800277,0.09776182707993475,0.1,0.03,72.54901960784314
Ti64,370.0,1300.0,250.608,238.804,0.2846153846153846,0.7656033287101248,0.1947830342577488,0.1,0.03,94.87179487179488
Ti64,370.0,1600.0,232.902,152.544,0.23125,0.711511789181692,0.12442414355628059,0.1,0.03,77.08333333333334
Ti64,370.0,1650.0,200.214,132.114,0.22424242424242424,0.6116504854368932,0.10776019575856444,0.1,0.03,74.74747474747474
Ti64,370.0,1700.0,227.454,145.734,0.21764705882352942,0.694868238557559,0.11886949429037522,0.1,0.03,72.54901960784314
Ti64,370.0,1300.0,256.056,251.062,0.2846153846153846,0.782246879334258,0.20478140293637848,0.1,0.03,94.87179487179488
Ti64,370.0,1350.0,272.4,227.454,0.2740740740740741,0.8321775312066574,0.1855252854812398,0.1,0.03,91.35802469135803
Ti64,370.0,1400.0,253.332,213.834,0.2642857142857143,0.7739251040221914,0.17441598694942903,0.1,0.03,88.09523809523809
Ti64,370.0,1450.0,250.608,217.92,0.25517241379310346,0.7656033287101248,0.17774877650897225,0.1,0.03,85.05747126436782
Ti64,370.0,1500.0,257.418,191.134,0.24666666666666667,0.7864077669902912,0.15590048939641107,0.1,0.03,82.22222222222223
Ti64,370.0,1550.0,238.35,204.3,0.23870967741935484,0.7281553398058253,0.1666394779771615,0.1,0.03,79.56989247311829
Ti64,370.0,1600.0,232.902,133.476,0.23125,0.711511789181692,0.10887112561174551,0.1,0.03,77.08333333333334
Ti64,370.0,1650.0,219.282,171.612,0.22424242424242424,0.6699029126213593,0.13997716150081566,0.1,0.03,74.74747474747474
Ti64,370.0,1700.0,175.698,128.028,0.21764705882352942,0.536754507628294,0.1044274061990212,0.1,0.03,72.54901960784314
Ti64,370.0,1300.0,260.142,272.4,0.2846153846153846,0.7947295423023578,0.2221859706362153,0.1,0.03,94.87179487179488
Ti64,370.0,1350.0,228.816,256.056,0.2740740740740741,0.6990291262135923,0.2088548123980424,0.1,0.03,91.35802469135803
Ti64,370.0,1400.0,299.64,295.554,0.2642857142857143,0.9153952843273231,0.24107177814029362,0.1,0.03,88.09523809523809
Ti64,370.0,1450.0,212.472,234.264,0.25517241379310346,0.6490984743411928,0.19107993474714519,0.1,0.03,85.05747126436782
Ti64,370.0,1500.0,186.14,257.418,0.24666666666666667,0.5686546463245492,0.2099657422512235,0.1,0.03,82.22222222222223
Ti64,370.0,1550.0,223.368,217.92,0.23870967741935484,0.6823855755894591,0.17774877650897225,0.1,0.03,79.56989247311829
Ti64,370.0,1600.0,213.834,148.458,0.23125,0.6532593619972261,0.12109135399673736,0.1,0.03,77.08333333333334
Ti64,370.0,1650.0,190.68,186.594,0.22424242424242424,0.5825242718446602,0.1521973898858075,0.1,0.03,74.74747474747474
Ti64,370.0,1700.0,189.318,181.146,0.21764705882352942,0.578363384188627,0.1477536704730832,0.1,0.03,72.54901960784314
Ti64,370.0,1300.0,202.938,106.236,0.2846153846153846,0.6199722607489597,0.08665252854812398,0.1,0.03,94.87179487179488
Ti64,370.0,1350.0,178.422,118.494,0.2740740740740741,0.5450762829403606,0.09665089722675367,0.1,0.03,91.35802469135803
Ti64,370.0,1400.0,281.934,74.91,0.2642857142857143,0.8613037447988905,0.06110114192495921,0.1,0.03,88.09523809523809
Ti64,370.0,1450.0,208.386,91.254,0.25517241379310346,0.6366158113730929,0.07443230016313214,0.1,0.03,85.05747126436782
Ti64,370.0,1500.0,295.1,81.72,0.24666666666666667,0.9015256588072122,0.0666557911908646,0.1,0.03,82.22222222222223
Ti64,370.0,1550.0,230.178,95.794,0.23870967741935484,0.7031900138696255,0.07813539967373573,0.1,0.03,79.56989247311829
Ti64,370.0,1600.0,187.048,89.892,0.23125,0.5714285714285714,0.07332137030995106,0.1,0.03,77.08333333333334
Ti64,370.0,1650.0,265.59,66.738,0.22424242424242424,0.8113730929264908,0.05443556280587276,0.1,0.03,74.74747474747474
Ti64,370.0,1700.0,203.846,93.978,0.21764705882352942,0.622746185852982,0.07665415986949428,0.1,0.03,72.54901960784314
Ti64,370.0,1300.0,242.436,122.58,0.2846153846153846,0.7406380027739251,0.0999836867862969,0.1,0.03,94.87179487179488
Ti64,370.0,1350.0,253.332,157.992,0.2740740740740741,0.7739251040221914,0.12886786296900488,0.1,0.03,91.35802469135803
Ti64,370.0,1400.0,237.442,142.102,0.2642857142857143,0.7253814147018031,0.11590701468189234,0.1,0.03,88.09523809523809
Ti64,370.0,1450.0,230.632,105.782,0.25517241379310346,0.7045769764216366,0.08628221859706361,0.1,0.03,85.05747126436782
Ti64,370.0,1500.0,228.816,74.91,0.24666666666666667,0.6990291262135923,0.06110114192495921,0.1,0.03,82.22222222222223
Ti64,370.0,1550.0,294.192,89.892,0.23870967741935484,0.8987517337031901,0.07332137030995106,0.1,0.03,79.56989247311829
Ti64,370.0,1600.0,200.214,80.358,0.23125,0.6116504854368932,0.06554486133768353,0.1,0.03,77.08333333333334
Ti64,370.0,1650.0,203.846,86.714,0.22424242424242424,0.622746185852982,0.07072920065252855,0.1,0.03,74.74747474747474
Ti64,370.0,1700.0,193.858,148.458,0.21764705882352942,0.5922330097087378,0.12109135399673736,0.1,0.03,72.54901960784314
Ti64,370.0,1300.0,210.202,193.404,0.2846153846153846,0.6421636615811372,0.15775203915171288,0.1,0.03,94.87179487179488
Ti64,370.0,1350.0,231.54,166.164,0.2740740740740741,0.7073509015256588,0.13553344208809134,0.1,0.03,91.35802469135803
Ti64,370.0,1400.0,227.454,140.286,0.2642857142857143,0.694868238557559,0.1144257748776509,0.1,0.03,88.09523809523809
Ti64,370.0,1450.0,239.712,148.458,0.25517241379310346,0.7323162274618585,0.12109135399673736,0.1,0.03,85.05747126436782
Ti64,370.0,1500.0,222.006,70.824,0.24666666666666667,0.6782246879334258,0.057768352365415984,0.1,0.03,82.22222222222223
Ti64,370.0,1550.0,191.134,113.046,0.23870967741935484,0.5839112343966713,0.09220717781402937,0.1,0.03,79.56989247311829
Ti64,370.0,1600.0,215.196,104.874,0.23125,0.6574202496532594,0.0855415986949429,0.1,0.03,77.08333333333334
Ti64,370.0,1650.0,266.044,108.96,0.22424242424242424,0.812760055478502,0.08887438825448613,0.1,0.03,74.74747474747474
Ti64,370.0,1700.0,195.22,113.046,0.21764705882352942,0.5963938973647711,0.09220717781402937,0.1,0.03,72.54901960784314
Ti64,370.0,1300.0,228.816,181.146,0.2846153846153846,0.6990291262135923,0.1477536704730832,0.1,0.03,94.87179487179488
Ti64,370.0,1350.0,198.852,184.324,0.2740740740740741,0.6074895977808599,0.15034584013050573,0.1,0.03,91.35802469135803
Ti64,370.0,1400.0,223.822,112.138,0.2642857142857143,0.6837725381414702,0.09146655791190865,0.1,0.03,88.09523809523809
Ti64,370.0,1450.0,266.952,93.978,0.25517241379310346,0.8155339805825242,0.07665415986949428,0.1,0.03,85.05747126436782
Ti64,370.0,1500.0,281.026,80.358,0.24666666666666667,0.8585298196948683,0.06554486133768353,0.1,0.03,82.22222222222223
Ti64,370.0,1550.0,233.356,62.652,0.23870967741935484,0.7128987517337032,0.05110277324632953,0.1,0.03,79.56989247311829
Ti64,370.0,1600.0,258.78,147.55,0.23125,0.7905686546463244,0.12035073409461665,0.1,0.03,77.08333333333334
Ti64,370.0,1650.0,229.724,133.476,0.22424242424242424,0.7018030513176143,0.10887112561174551,0.1,0.03,74.74747474747474
Ti64,370.0,1700.0,209.748,136.2,0.21764705882352942,0.6407766990291262,0.11109298531810766,0.1,0.03,72.54901960784314
Ti64,370.0,1300.0,236.08,208.386,0.2846153846153846,0.7212205270457698,0.16997226753670472,0.1,0.03,94.87179487179488
Ti64,370.0,1350.0,236.988,162.078,0.2740740740740741,0.723994452149792,0.13220065252854812,0.1,0.03,91.35802469135803
Ti64,370.0,1400.0,209.748,166.164,0.2642857142857143,0.6407766990291262,0.13553344208809134,0.1,0.03,88.09523809523809
Ti64,370.0,1450.0,245.16,179.784,0.25517241379310346,0.7489597780859917,0.14664274061990212,0.1,0.03,85.05747126436782
Ti64,370.0,1500.0,232.902,156.63,0.24666666666666667,0.711511789181692,0.1277569331158238,0.1,0.03,82.22222222222223
Ti64,370.0,1550.0,219.282,140.286,0.23870967741935484,0.6699029126213593,0.1144257748776509,0.1,0.03,79.56989247311829
Ti64,370.0,1600.0,204.754,95.34,0.23125,0.6255201109570041,0.07776508972267537,0.1,0.03,77.08333333333334
Ti64,370.0,1650.0,162.532,70.824,0.22424242424242424,0.49653259361997226,0.057768352365415984,0.1,0.03,74.74747474747474
Ti64,370.0,1700.0,236.988,68.1,0.21764705882352942,0.723994452149792,0.05554649265905383,0.1,0.03,72.54901960784314
Ti64,370.0,1300.0,222.006,211.11,0.2846153846153846,0.6782246879334258,0.1721941272430669,0.1,0.03,94.87179487179488
Ti64,370.0,1350.0,256.056,231.54,0.2740740740740741,0.782246879334258,0.18885807504078303,0.1,0.03,91.35802469135803
Ti64,370.0,1400.0,272.4,162.078,0.2642857142857143,0.8321775312066574,0.13220065252854812,0.1,0.03,88.09523809523809
Ti64,370.0,1450.0,228.816,174.336,0.25517241379310346,0.6990291262135923,0.1421990212071778,0.1,0.03,85.05747126436782
Ti64,370.0,1500.0,217.92,179.784,0.24666666666666667,0.6657420249653259,0.14664274061990212,0.1,0.03,82.22222222222223
Ti64,370.0,1550.0,251.97,165.71,0.23870967741935484,0.7697642163661581,0.135163132137031,0.1,0.03,79.56989247311829
Ti64,370.0,1600.0,200.214,129.39,0.23125,0.6116504854368932,0.10553833605220227,0.1,0.03,77.08333333333334
Ti64,370.0,1650.0,247.884,117.586,0.22424242424242424,0.7572815533980582,0.09591027732463295,0.1,0.03,74.74747474747474
Ti64,370.0,1700.0,227.454,99.426,0.21764705882352942,0.694868238557559,0.0810978792822186,0.1,0.03,72.54901960784314
Ti64,370.0,1300.0,251.97,251.97,0.2846153846153846,0.7697642163661581,0.20552202283849919,0.1,0.03,94.87179487179488
Ti64,370.0,1350.0,254.694,264.228,0.2740740740740741,0.7780859916782247,0.21552039151712887,0.1,0.03,91.35802469135803
Ti64,370.0,1400.0,219.282,220.644,0.2642857142857143,0.6699029126213593,0.17997063621533443,0.1,0.03,88.09523809523809
Ti64,370.0,1450.0,220.644,224.73,0.25517241379310346,0.6740638002773925,0.18330342577487765,0.1,0.03,85.05747126436782
Ti64,370.0,1500.0,220.644,200.214,0.24666666666666667,0.6740638002773925,0.16330668841761828,0.1,0.03,82.22222222222223
Ti64,370.0,1550.0,209.748,183.87,0.23870967741935484,0.6407766990291262,0.14997553017944534,0.1,0.03,79.56989247311829
Ti64,370.0,1600.0,257.418,198.852,0.23125,0.7864077669902912,0.1621957585644372,0.1,0.03,77.08333333333334
Ti64,370.0,1650.0,177.06,168.888,0.22424242424242424,0.5409153952843273,0.1377553017944535,0.1,0.03,74.74747474747474
Ti64,370.0,1700.0,232.902,145.734,0.21764705882352942,0.711511789181692,0.11886949429037522,0.1,0.03,72.54901960784314
Ti64,370.0,1300.0,238.35,236.988,0.2846153846153846,0.7281553398058253,0.19330179445350734,0.1,0.03,94.87179487179488
Ti64,370.0,1350.0,243.798,260.142,0.2740740740740741,0.7447988904299584,0.21218760195758565,0.1,0.03,91.35802469135803
Ti64,370.0,1400.0,200.214,217.92,0.2642857142857143,0.6116504854368932,0.17774877650897225,0.1,0.03,88.09523809523809
Ti64,370.0,1450.0,213.834,178.422,0.25517241379310346,0.6532593619972261,0.14553181076672103,0.1,0.03,85.05747126436782
Ti64,370.0,1500.0,217.92,209.748,0.24666666666666667,0.6657420249653259,0.1710831973898858,0.1,0.03,82.22222222222223
Ti64,370.0,1550.0,194.766,227.454,0.23870967741935484,0.59500693481276,0.1855252854812398,0.1,0.03,79.56989247311829
Ti64,370.0,1600.0,219.282,214.288,0.23125,0.6699029126213593,0.1747862969004894,0.1,0.03,77.08333333333334
Ti64,370.0,1650.0,204.3,204.3,0.22424242424242424,0.6241331484049931,0.1666394779771615,0.1,0.03,74.74747474747474
Ti64,370.0,1700.0,200.214,148.458,0.21764705882352942,0.6116504854368932,0.12109135399673736,0.1,0.03,72.54901960784314
Ti64,370.0,1300.0,242.436,175.698,0.2846153846153846,0.7406380027739251,0.1433099510603589,0.1,0.03,94.87179487179488
Ti64,370.0,1350.0,242.436,160.716,0.2740740740740741,0.7406380027739251,0.13108972267536706,0.1,0.03,91.35802469135803
Ti64,370.0,1400.0,206.57,133.476,0.2642857142857143,0.6310679611650485,0.10887112561174551,0.1,0.03,88.09523809523809
Ti64,370.0,1450.0,222.46,101.696,0.25517241379310346,0.6796116504854369,0.0829494290375204,0.1,0.03,85.05747126436782
Ti64,370.0,1500.0,191.588,71.278,0.24666666666666667,0.5852981969486823,0.05813866231647635,0.1,0.03,82.22222222222223
Ti64,370.0,1550.0,205.662,96.702,0.23870967741935484,0.6282940360610264,0.07887601957585644,0.1,0.03,79.56989247311829
Ti64,370.0,1600.0,251.97,99.426,0.23125,0.7697642163661581,0.0810978792822186,0.1,0.03,77.08333333333334
Ti64,370.0,1650.0,196.128,133.476,0.22424242424242424,0.5991678224687933,0.10887112561174551,0.1,0.03,74.74747474747474
Ti64,370.0,1700.0,183.416,100.788,0.21764705882352942,0.5603328710124826,0.08220880913539967,0.1,0.03,72.54901960784314
Ti64,370.0,1300.0,241.074,147.096,0.2846153846153846,0.7364771151178918,0.11998042414355628,0.1,0.03,94.87179487179488
Ti64,370.0,1350.0,189.318,100.788,0.2740740740740741,0.578363384188627,0.08220880913539967,0.1,0.03,91.35802469135803
Ti64,370.0,1400.0,228.816,108.96,0.2642857142857143,0.6990291262135923,0.08887438825448613,0.1,0.03,88.09523809523809
Ti64,370.0,1450.0,204.3,76.272,0.25517241379310346,0.6241331484049931,0.062212071778140296,0.1,0.03,85.05747126436782
Ti64,370.0,1500.0,181.146,69.462,0.24666666666666667,0.5533980582524272,0.05665742251223491,0.1,0.03,82.22222222222223
Ti64,370.0,1550.0,242.436,95.34,0.23870967741935484,0.7406380027739251,0.07776508972267537,0.1,0.03,79.56989247311829
Ti64,370.0,1600.0,200.214,93.978,0.23125,0.6116504854368932,0.07665415986949428,0.1,0.03,77.08333333333334
Ti64,370.0,1650.0,208.386,128.028,0.22424242424242424,0.6366158113730929,0.1044274061990212,0.1,0.03,74.74747474747474
Ti64,370.0,1700.0,205.208,80.358,0.21764705882352942,0.6269070735090152,0.06554486133768353,0.1,0.03,72.54901960784314
Ti64,370.0,1300.0,218.374,114.408,0.2846153846153846,0.667128987517337,0.09331810766721044,0.1,0.03,94.87179487179488
Ti64,370.0,1350.0,253.332,69.462,0.2740740740740741,0.7739251040221914,0.05665742251223491,0.1,0.03,91.35802469135803
Ti64,370.0,1400.0,240.62,141.648,0.2642857142857143,0.7350901525658807,0.11553670473083197,0.1,0.03,88.09523809523809
Ti64,370.0,1450.0,226.092,159.354,0.25517241379310346,0.6907073509015257,0.12997879282218597,0.1,0.03,85.05747126436782
Ti64,370.0,1500.0,213.834,166.164,0.24666666666666667,0.6532593619972261,0.13553344208809134,0.1,0.03,82.22222222222223
Ti64,370.0,1550.0,243.798,143.01,0.23870967741935484,0.7447988904299584,0.11664763458401305,0.1,0.03,79.56989247311829
Ti64,370.0,1600.0,179.784,78.996,0.23125,0.5492371705963939,0.06443393148450244,0.1,0.03,77.08333333333334
Ti64,370.0,1650.0,205.208,143.01,0.22424242424242424,0.6269070735090152,0.11664763458401305,0.1,0.03,74.74747474747474
Ti64,370.0,1700.0,129.39,107.598,0.21764705882352942,0.3952843273231622,0.08776345840130506,0.1,0.03,72.54901960784314
Ti64,370.0,1300.0,213.834,175.698,0.2846153846153846,0.6532593619972261,0.1433099510603589,0.1,0.03,94.87179487179488
Ti64,370.0,1350.0,271.038,81.72,0.2740740740740741,0.8280166435506242,0.0666557911908646,0.1,0.03,91.35802469135803
Ti64,370.0,1400.0,227.454,99.426,0.2642857142857143,0.694868238557559,0.0810978792822186,0.1,0.03,88.09523809523809
Ti64,370.0,1450.0,241.074,100.788,0.25517241379310346,0.7364771151178918,0.08220880913539967,0.1,0.03,85.05747126436782
Ti64,370.0,1500.0,202.938,65.376,0.24666666666666667,0.6199722607489597,0.053324632952691686,0.1,0.03,82.22222222222223
Ti64,370.0,1550.0,214.288,57.204,0.23870967741935484,0.6546463245492372,0.04665905383360522,0.1,0.03,79.56989247311829
Ti64,370.0,1600.0,200.668,91.254,0.23125,0.6130374479889044,0.07443230016313214,0.1,0.03,77.08333333333334
Ti64,370.0,1650.0,185.686,42.222,0.22424242424242424,0.5672676837725381,0.034438825448613375,0.1,0.03,74.74747474747474
Ti64,370.0,1700.0,201.576,72.64,0.21764705882352942,0.6158113730929264,0.059249592169657424,0.1,0.03,72.54901960784314
Ti64,370.0,1300.0,228.816,220.644,0.2846153846153846,0.6990291262135923,0.17997063621533443,0.1,0.03,94.87179487179488
Ti64,370.0,1350.0,213.834,156.63,0.2740740740740741,0.6532593619972261,0.1277569331158238,0.1,0.03,91.35802469135803
Ti64,370.0,1400.0,232.902,181.146,0.2642857142857143,0.711511789181692,0.1477536704730832,0.1,0.03,88.09523809523809
Ti64,370.0,1450.0,223.368,133.476,0.25517241379310346,0.6823855755894591,0.10887112561174551,0.1,0.03,85.05747126436782
Ti64,370.0,1500.0,208.386,152.544,0.24666666666666667,0.6366158113730929,0.12442414355628059,0.1,0.03,82.22222222222223
Ti64,370.0,1550.0,198.852,121.218,0.23870967741935484,0.6074895977808599,0.09887275693311583,0.1,0.03,79.56989247311829
Ti64,370.0,1600.0,205.208,66.738,0.23125,0.6269070735090152,0.05443556280587276,0.1,0.03,77.08333333333334
Ti64,370.0,1650.0,242.436,51.756,0.22424242424242424,0.7406380027739251,0.042215334420880914,0.1,0.03,74.74747474747474
Ti64,370.0,1700.0,196.128,66.738,0.21764705882352942,0.5991678224687933,0.05443556280587276,0.1,0.03,72.54901960784314
Ti64,370.0,1300.0,275.124,209.748,0.2846153846153846,0.8404993065187241,0.1710831973898858,0.1,0.03,94.87179487179488
Ti64,370.0,1350.0,209.748,179.784,0.2740740740740741,0.6407766990291262,0.14664274061990212,0.1,0.03,91.35802469135803
Ti64,370.0,1400.0,206.116,142.556,0.2642857142857143,0.6296809986130375,0.1162773246329527,0.1,0.03,88.09523809523809
Ti64,370.0,1450.0,204.3,141.648,0.25517241379310346,0.6241331484049931,0.11553670473083197,0.1,0.03,85.05747126436782
Ti64,370.0,1500.0,241.074,175.698,0.24666666666666667,0.7364771151178918,0.1433099510603589,0.1,0.03,82.22222222222223
Ti64,370.0,1550.0,228.816,111.684,0.23870967741935484,0.6990291262135923,0.09109624796084828,0.1,0.03,79.56989247311829
Ti64,370.0,1600.0,251.97,152.544,0.23125,0.7697642163661581,0.12442414355628059,0.1,0.03,77.08333333333334
Ti64,370.0,1650.0,232.902,108.96,0.22424242424242424,0.711511789181692,0.08887438825448613,0.1,0.03,74.74747474747474
Ti64,370.0,1700.0,194.766,100.788,0.21764705882352942,0.59500693481276,0.08220880913539967,0.1,0.03,72.54901960784314
Ti64,370.0,1300.0,243.798,277.848,0.2846153846153846,0.7447988904299584,0.22662969004893965,0.1,0.03,94.87179487179488
Ti64,370.0,1350.0,294.192,213.834,0.2740740740740741,0.8987517337031901,0.17441598694942903,0.1,0.03,91.35802469135803
Ti64,370.0,1400.0,266.952,219.282,0.2642857142857143,0.8155339805825242,0.17885970636215334,0.1,0.03,88.09523809523809
Ti64,370.0,1450.0,230.632,210.202,0.25517241379310346,0.7045769764216366,0.17145350734094617,0.1,0.03,85.05747126436782
Ti64,370.0,1500.0,249.246,213.834,0.24666666666666667,0.7614424410540915,0.17441598694942903,0.1,0.03,82.22222222222223
Ti64,370.0,1550.0,234.264,205.662,0.23870967741935484,0.7156726768377254,0.1677504078303426,0.1,0.03,79.56989247311829
Ti64,370.0,1600.0,224.73,190.68,0.23125,0.6865464632454923,0.15553017944535075,0.1,0.03,77.08333333333334
Ti64,370.0,1650.0,232.902,182.054,0.22424242424242424,0.711511789181692,0.14849429037520392,0.1,0.03,74.74747474747474
Ti64,370.0,1700.0,194.766,139.378,0.21764705882352942,0.59500693481276,0.11368515497553017,0.1,0.03,72.54901960784314
Ti64,370.0,1300.0,266.952,281.934,0.2846153846153846,0.8155339805825242,0.2299624796084829,0.1,0.03,94.87179487179488
Ti64,370.0,1350.0,251.97,261.504,0.2740740740740741,0.7697642163661581,0.21329853181076674,0.1,0.03,91.35802469135803
Ti64,370.0,1400.0,290.106,295.554,0.2642857142857143,0.8862690707350901,0.24107177814029362,0.1,0.03,88.09523809523809
Ti64,370.0,1450.0,257.872,242.436,0.25517241379310346,0.7877947295423023,0.19774551386623165,0.1,0.03,85.05747126436782
Ti64,370.0,1500.0,228.816,228.816,0.24666666666666667,0.6990291262135923,0.18663621533442087,0.1,0.03,82.22222222222223
Ti64,370.0,1550.0,229.27,194.766,0.23870967741935484,0.7004160887656034,0.15886296900489397,0.1,0.03,79.56989247311829
Ti64,370.0,1600.0,205.662,157.992,0.23125,0.6282940360610264,0.12886786296900488,0.1,0.03,77.08333333333334
Ti64,370.0,1650.0,194.766,162.078,0.22424242424242424,0.59500693481276,0.13220065252854812,0.1,0.03,74.74747474747474
Ti64,370.0,1700.0,205.662,157.992,0.21764705882352942,0.6282940360610264,0.12886786296900488,0.1,0.03,72.54901960784314
Ti64,370.0,1300.0,238.35,110.322,0.2846153846153846,0.7281553398058253,0.08998531810766722,0.1,0.03,94.87179487179488
Ti64,370.0,1350.0,200.668,95.794,0.2740740740740741,0.6130374479889044,0.07813539967373573,0.1,0.03,91.35802469135803
Ti64,370.0,1400.0,253.332,93.978,0.2642857142857143,0.7739251040221914,0.07665415986949428,0.1,0.03,88.09523809523809
Ti64,370.0,1450.0,213.834,80.358,0.25517241379310346,0.6532593619972261,0.06554486133768353,0.1,0.03,85.05747126436782
Ti64,370.0,1500.0,269.222,76.272,0.24666666666666667,0.8224687933425797,0.062212071778140296,0.1,0.03,82.22222222222223
Ti64,370.0,1550.0,167.98,104.874,0.23870967741935484,0.5131761442441054,0.0855415986949429,0.1,0.03,79.56989247311829
Ti64,370.0,1600.0,162.078,95.34,0.23125,0.49514563106796117,0.07776508972267537,0.1,0.03,77.08333333333334
Ti64,370.0,1650.0,242.436,103.512,0.22424242424242424,0.7406380027739251,0.08443066884176183,0.1,0.03,74.74747474747474
Ti64,370.0,1700.0,210.202,138.924,0.21764705882352942,0.6421636615811372,0.11331484502446983,0.1,0.03,72.54901960784314
Ti64,370.0,1300.0,228.816,125.304,0.2846153846153846,0.6990291262135923,0.10220554649265906,0.1,0.03,94.87179487179488
Ti64,370.0,1350.0,261.504,133.476,0.2740740740740741,0.7988904299583912,0.10887112561174551,0.1,0.03,91.35802469135803
Ti64,370.0,1400.0,232.902,172.066,0.2642857142857143,0.711511789181692,0.140347471451876,0.1,0.03,88.09523809523809
Ti64,370.0,1450.0,236.08,134.384,0.25517241379310346,0.7212205270457698,0.10961174551386622,0.1,0.03,85.05747126436782
Ti64,370.0,1500.0,271.492,153.906,0.24666666666666667,0.8294036061026353,0.12553507340946166,0.1,0.03,82.22222222222223
Ti64,370.0,1550.0,295.554,66.738,0.23870967741935484,0.9029126213592232,0.05443556280587276,0.1,0.03,79.56989247311829
Ti64,370.0,1600.0,198.852,209.748,0.23125,0.6074895977808599,0.1710831973898858,0.1,0.03,77.08333333333334
Ti64,370.0,1650.0,200.214,100.788,0.22424242424242424,0.6116504854368932,0.08220880913539967,0.1,0.03,74.74747474747474
Ti64,370.0,1700.0,151.182,162.078,0.21764705882352942,0.46185852981969483,0.13220065252854812,0.1,0.03,72.54901960784314
Ti64,370.0,1300.0,257.418,128.028,0.2846153846153846,0.7864077669902912,0.1044274061990212,0.1,0.03,94.87179487179488
Ti64,370.0,1350.0,238.35,151.182,0.2740740740740741,0.7281553398058253,0.1233132137030995,0.1,0.03,91.35802469135803
Ti64,370.0,1400.0,200.668,152.544,0.2642857142857143,0.6130374479889044,0.12442414355628059,0.1,0.03,88.09523809523809
Ti64,370.0,1450.0,238.35,123.942,0.25517241379310346,0.7281553398058253,0.10109461663947797,0.1,0.03,85.05747126436782
Ti64,370.0,1500.0,242.436,106.236,0.24666666666666667,0.7406380027739251,0.08665252854812398,0.1,0.03,82.22222222222223
Ti64,370.0,1550.0,213.834,99.426,0.23870967741935484,0.6532593619972261,0.0810978792822186,0.1,0.03,79.56989247311829
Ti64,370.0,1600.0,208.84,104.874,0.23125,0.6380027739251041,0.0855415986949429,0.1,0.03,77.08333333333334
Ti64,370.0,1650.0,261.504,128.028,0.22424242424242424,0.7988904299583912,0.1044274061990212,0.1,0.03,74.74747474747474
Ti64,370.0,1700.0,210.202,91.254,0.21764705882352942,0.6421636615811372,0.07443230016313214,0.1,0.03,72.54901960784314
Ti64,370.0,1300.0,267.86,95.34,0.2846153846153846,0.8183079056865465,0.07776508972267537,0.1,0.03,94.87179487179488
Ti64,370.0,1350.0,223.368,89.892,0.2740740740740741,0.6823855755894591,0.07332137030995106,0.1,0.03,91.35802469135803
Ti64,370.0,1400.0,227.454,113.046,0.2642857142857143,0.694868238557559,0.09220717781402937,0.1,0.03,88.09523809523809
Ti64,370.0,1450.0,261.504,84.444,0.25517241379310346,0.7988904299583912,0.06887765089722675,0.1,0.03,85.05747126436782
Ti64,370.0,1500.0,209.748,91.254,0.24666666666666667,0.6407766990291262,0.07443230016313214,0.1,0.03,82.22222222222223
Ti64,370.0,1550.0,213.834,58.566,0.23870967741935484,0.6532593619972261,0.047769983686786296,0.1,0.03,79.56989247311829
Ti64,370.0,1600.0,213.834,47.67,0.23125,0.6532593619972261,0.03888254486133769,0.1,0.03,77.08333333333334
Ti64,370.0,1650.0,299.64,55.842,0.22424242424242424,0.9153952843273231,0.04554812398042414,0.1,0.03,74.74747474747474
Ti64,370.0,1700.0,223.368,103.512,0.21764705882352942,0.6823855755894591,0.08443066884176183,0.1,0.03,72.54901960784314
Ti64,370.0,1300.0,232.902,219.282,0.2846153846153846,0.711511789181692,0.17885970636215334,0.1,0.03,94.87179487179488
Ti64,370.0,1350.0,246.522,157.992,0.2740740740740741,0.753120665742025,0.12886786296900488,0.1,0.03,91.35802469135803
Ti64,370.0,1400.0,242.436,156.63,0.2642857142857143,0.7406380027739251,0.1277569331158238,0.1,0.03,88.09523809523809
Ti64,370.0,1450.0,275.578,108.96,0.25517241379310346,0.841886269070735,0.08887438825448613,0.1,0.03,85.05747126436782
Ti64,370.0,1500.0,290.106,139.378,0.24666666666666667,0.8862690707350901,0.11368515497553017,0.1,0.03,82.22222222222223
Ti64,370.0,1550.0,271.038,123.942,0.23870967741935484,0.8280166435506242,0.10109461663947797,0.1,0.03,79.56989247311829
Ti64,370.0,1600.0,238.35,108.96,0.23125,0.7281553398058253,0.08887438825448613,0.1,0.03,77.08333333333334
Ti64,370.0,1650.0,185.232,166.164,0.22424242424242424,0.565880721220527,0.13553344208809134,0.1,0.03,74.74747474747474
Ti64,370.0,1700.0,189.318,100.788,0.21764705882352942,0.578363384188627,0.08220880913539967,0.1,0.03,72.54901960784314
Ti64,370.0,1300.0,242.436,223.368,0.2846153846153846,0.7406380027739251,0.18219249592169656,0.1,0.03,94.87179487179488
Ti64,370.0,1350.0,276.486,236.988,0.2740740740740741,0.8446601941747572,0.19330179445350734,0.1,0.03,91.35802469135803
Ti64,370.0,1400.0,251.97,179.784,0.2642857142857143,0.7697642163661581,0.14664274061990212,0.1,0.03,88.09523809523809
Ti64,370.0,1450.0,266.952,153.906,0.25517241379310346,0.8155339805825242,0.12553507340946166,0.1,0.03,85.05747126436782
Ti64,370.0,1500.0,223.368,172.974,0.24666666666666667,0.6823855755894591,0.14108809135399672,0.1,0.03,82.22222222222223
Ti64,370.0,1550.0,253.332,186.594,0.23870967741935484,0.7739251040221914,0.1521973898858075,0.1,0.03,79.56989247311829
Ti64,370.0,1600.0,219.282,119.856,0.23125,0.6699029126213593,0.09776182707993475,0.1,0.03,77.08333333333334
Ti64,370.0,1650.0,276.486,114.408,0.22424242424242424,0.8446601941747572,0.09331810766721044,0.1,0.03,74.74747474747474
Ti64,370.0,1700.0,247.884,76.272,0.21764705882352942,0.7572815533980582,0.062212071778140296,0.1,0.03,72.54901960784314
